candidate_id	relative_path	size_bytes	file_sha256	file_member_count	total_uncompressed_bytes	crc_verified_count	crc_failure_count	encrypted_member_count	unsafe_member_count	high_compression_ratio_count	status
734334beedcaa7ff	soyod/58-161/cds/58-161.CDS.zip	19085103	d250f693c9c7a35c2c630d67244939b5f681ef59d98dcdd56536a2a54a339ba1	1	103922516	1	0	0	0	0	PASS
d1e56ed25ad0efd5	soyod/58-161/genome/58-161.genome.zip	241163445	dfda0f62b38adeb69b5eb21ce429f49654782a58580fe5bb8c04a7a7a205b036	1	1005171307	1	0	0	0	0	PASS
dfc05d04c23e2b46	soyod/58-161/gff/58-161.annotation.zip	10233184	12c28ce679362528471a17c6037db81e97558f7dc98445fa8d1a66d627083ca3	1	117289335	1	0	0	0	0	PASS
e5356095175ef9c2	soyod/58-161/mrna/58-161.mRNA.zip	28399451	7bbd9b331666cd74e3613b01a656bf0146e5fe4fa2c23836fd12c3d546d76757	1	146821668	1	0	0	0	0	PASS
8d2fcbafe88d020a	soyod/58-161/ncrna/58-161.ncRNA.gff3.zip	89197	41a5e94bd6ef1fa1b9cc08341251d4c414fe10528c38f1d3328a4f02eb6b3bb6	1	920129	1	0	0	0	0	PASS
b920615fe212149c	soyod/58-161/protein/58-161.protein.zip	12010451	44b325d73fb14ca44d918dfa3c86adb52d3342311bdc38995f820632a63bbc54	1	35761509	1	0	0	0	0	PASS
df487d34a7bd6d09	soyod/Amsoy/cds/Amsoy.CDS.zip	19629453	ab5d51f2255479817f2c4fcb77dd0c0e55b231562071ace58849df6a70db10c7	1	105090211	1	0	0	0	0	PASS
7106c5f5d6fb05a8	soyod/Amsoy/genome/Amsoy.genome.zip	240075610	a1b7cd3d214ec338a0fc36ba644ada7d93df5a8b1e9cf41bf8bbf34641a7eafa	1	992342558	1	0	0	0	0	PASS
921b94592dd006ee	soyod/Amsoy/gff/Amsoy.annotation.zip	10402917	9acaa313fd6f9f16d249e8247a0965a4d149049fd516d99ed0cb966aa678481a	1	119812975	1	0	0	0	0	PASS
a41ec6b56c8042b2	soyod/Amsoy/mrna/Amsoy.mRNA.zip	28857106	3e65d26aa16ff3c77dc0b2c6e24717364c05b4362729b5cb54f5bd978728ce79	1	153703245	1	0	0	0	0	PASS
bd6be6eb184465da	soyod/Amsoy/ncrna/Amsoy.ncRNA.gff3.zip	86533	c3ff4d7d466decdfce3890cde124344a5b381c874cdd29d369b41cd8db84aa84	1	889800	1	0	0	0	0	PASS
a8ef04ea806756b3	soyod/Amsoy/protein/Amsoy.protein.zip	11923664	2743898f79b7635ab6b549922d2e9b6ad7518a589409c83269a903e223f8e283	1	36162177	1	0	0	0	0	PASS
f00b3612a8731124	soyod/Chang_Chun_Man_Cang_Jin/cds/Chang_Chun_Man_Cang_Jin.CDS.zip	19987083	550710a85437fe7ed238634758adaef4f1b3dd966d1f436396ef5c24947d88d9	1	107014751	1	0	0	0	0	PASS
c67d93c7daf7cf33	soyod/Chang_Chun_Man_Cang_Jin/gff/Chang_Chun_Man_Cang_Jin.annotation.zip	10466339	095c990c882ff1afe023f7450e5a9965b5dc26e85f6e7f402a3d8eab58c281e5	1	121123046	1	0	0	0	0	PASS
a15c39498e5360d6	soyod/Chang_Chun_Man_Cang_Jin/mrna/Chang_Chun_Man_Cang_Jin.mRNA.zip	29443028	91baf2abcfbf4b249fbd44df3d76f7c4fddb3cbc0875cdeb3b51cee36ebbd265	1	153803992	1	0	0	0	0	PASS
a474dac9bbab0afb	soyod/Chang_Chun_Man_Cang_Jin/ncrna/Chang_Chun_Man_Cang_Jin.ncRNA.gff3.zip	90169	a2175091b76c4d539fb104d89c714f14c9f066debaa846f39122b301e3a2c824	1	918743	1	0	0	0	0	PASS
c0a0d77338fe014e	soyod/Dong_Nong_50/cds/Dong_Nong_50.CDS.zip	18552721	d043d575709ef29baf325fc156bca947b97f3dbe71a00653a1fe374e0bec73b9	1	95624457	1	0	0	0	0	PASS
4e48cf9ee40b3d79	soyod/Dong_Nong_50/genome/Dong_Nong_50.genome.zip	245588532	22e55828ce1a02db81dd8418101f411f6291e6e5440675cb30dc7206eaac0c83	1	1025107632	1	0	0	0	0	PASS
ba53d61fbd19cf55	soyod/Dong_Nong_50/gff/Dong_Nong_50.annotation.zip	9818347	b66fd2a0b5f526fb9db60763aa06c7f973ef882b6c4f3e6334e2e8954d49f13b	1	112177233	1	0	0	0	0	PASS
3893cbc42953d50a	soyod/Dong_Nong_50/mrna/Dong_Nong_50.mRNA.zip	27518713	4ccdca2c8b1f6074f3d817675d608a81bbe572c2b1a9602d7d6df460d529442b	1	136998058	1	0	0	0	0	PASS
d13434a73c7c419b	soyod/Dong_Nong_50/ncrna/Dong_Nong_50.ncRNA.gff3.zip	87394	b8689054455766af33854bf9390922afbfc483357997710e499cf6bea8d68b1c	1	899933	1	0	0	0	0	PASS
9f11383d01feff2d	soyod/Dong_Nong_50/protein/Dong_Nong_50.protein.zip	11522833	b43b83db6ca67e16af0aaa0df5e4be04d9dfe900b19bff07b14e97d887d1349c	1	32906043	1	0	0	0	0	PASS
3e68e675aee35ac6	soyod/Embrapa_BRS537/gff/Embrapa_BRS537.annotation.zip	14449639	4f05fb047ade194a33d152b80d0ce44fea5b209e602332283da4fae4a1382397	1	375953449	1	0	0	0	0	PASS
845d8f94be0ffdc8	soyod/Feng_Di_Huang/cds/Feng_Di_Huang.CDS.zip	19581783	330a12cb3fd5ae3657e824b29a71a15054d30467a7935a007edb647b01e374bc	1	105166063	1	0	0	0	0	PASS
e06b6937fc97f408	soyod/Feng_Di_Huang/genome/Feng_Di_Huang.genome.zip	242099595	665a9a7b590b563eb4d1b1eefa7a4d320546b48f840038cd264fec1ebfaf17b3	1	1004687082	1	0	0	0	0	PASS
eb1925d8df2d6936	soyod/Feng_Di_Huang/gff/Feng_Di_Huang.annotation.zip	10370977	3d5a694c9544d839b27882198861cf85d06fef24bbb63bcf8b9ca94cbcc01328	1	119442647	1	0	0	0	0	PASS
64e77a4e8ca0e383	soyod/Feng_Di_Huang/mrna/Feng_Di_Huang.mRNA.zip	29310727	4d1868484bc730540a7b6ce011c2d08f74e04f23bba3afd65fa2108076f02f4a	1	152018760	1	0	0	0	0	PASS
9e44f7f4b5308eab	soyod/Feng_Di_Huang/ncrna/Feng_Di_Huang.ncRNA.gff3.zip	87023	b49300470df94cb5a3ffbc54619f0b0d2ae51402de7d629a50790d8643ef7203	1	896334	1	0	0	0	0	PASS
b09de5339aba75d7	soyod/Feng_Di_Huang/protein/Feng_Di_Huang.protein.zip	11992725	ea89beb320bc43148dcd5748bb0f6d1346041582a8da983a8c9297607bb23501	1	36179111	1	0	0	0	0	PASS
3ec3e0c4e5042198	soyod/Han_Dou_5/cds/Han_Dou_5.CDS.zip	20131372	10fbf1ead8e406d4493c765a686a4f07bbc981f9a4c17b1d1e36636c383cbee0	1	111621045	1	0	0	0	0	PASS
13a15d6eca74f8c3	soyod/Han_Dou_5/genome/Han_Dou_5.genome.zip	244030020	2084838bc492e3d4fa2561796f6188bfa8fb645bf15e26c65450eb1bc797db75	1	1004107755	1	0	0	0	0	PASS
ab910fa564943f2b	soyod/Han_Dou_5/gff/Han_Dou_5.annotation.zip	10721487	78fe8d564ef718400fe52bd832a8a2b3bee878eaf35db6275e9913a2a7c74c40	1	124928383	1	0	0	0	0	PASS
60b99bf53c01504a	soyod/Han_Dou_5/mrna/Han_Dou_5.mRNA.zip	30284778	6c44813bb64322b19738ee1b42b21a4a60855ccb7caabedda72f98532e96f4d1	1	164348902	1	0	0	0	0	PASS
f0661bf1292b7081	soyod/Han_Dou_5/ncrna/Han_Dou_5.ncRNA.gff3.zip	91753	07fe4ed9b5d99386685c5c8275dad28ba8f65716897652591d945c30c39f3335	1	944079	1	0	0	0	0	PASS
e33b334a5ae1896c	soyod/Han_Dou_5/protein/Han_Dou_5.protein.zip	12247284	b4289a6605c72e34add4816a436d2d4ba57d13c53838c46fb073e2e1c7f5a56b	1	38330429	1	0	0	0	0	PASS
3b700109a025352d	soyod/Hei_He_43/cds/Hei_He_43.CDS.zip	19065835	072411a89e08fd7b34df7cc541ca872b22ca2ab7c05dbcf0d946ed6b4ee51b6a	1	103072963	1	0	0	0	0	PASS
b8c78959ba62649f	soyod/Hei_He_43/genome/Hei_He_43.genome.zip	241186046	93842dc50ce774c265c5fb01fd2108d59c83d9b8b5a524adc5aa6d44fc4c2364	1	1010092463	1	0	0	0	0	PASS
6c16ef2906e6b6a0	soyod/Hei_He_43/gff/Hei_He_43.annotation.zip	10274110	c4c1c7013902c684af3e1a857bc550a3e687fcbbd57d725ca18a372bbdb1d145	1	118073414	1	0	0	0	0	PASS
23329209ebe7da12	soyod/Hei_He_43/mrna/Hei_He_43.mRNA.zip	29068980	baf97788b94886d72928c064c2f79da7faa034edf2033c8d46ca2d22b893268f	1	151581093	1	0	0	0	0	PASS
960f3cc14643f8ea	soyod/Hei_He_43/protein/Hei_He_43.protein.zip	11705657	a2dc78234348134006d52fa66d313ba2c7a1accaabd117c02ec8ef097e1bf69f	1	35479986	1	0	0	0	0	PASS
fde2c55d78431b4b	soyod/Ji_Dou_17/cds/Ji_Dou_17.CDS.zip	20189581	7b6f1f3c30f217e15523b82817e6d738c868177f469162fa6b5a54319e6ab1f7	1	112980645	1	0	0	0	0	PASS
35ac134a4421141e	soyod/Ji_Dou_17/genome/Ji_Dou_17.genome.zip	249870826	01fabe63c6d3af384441a8d21621e20f9b812e76c21f905d28de2e3b67aec2c8	1	1024485520	1	0	0	0	0	PASS
7363c8667a303a91	soyod/Ji_Dou_17/gff/Ji_Dou_17.annotation.zip	10844404	72ce124eaef19f9d2e227284c81466a65df0c6a76039f49ab1d62f49f06d77ef	1	126591282	1	0	0	0	0	PASS
b3b6d56436f5ccd2	soyod/Ji_Dou_17/mrna/Ji_Dou_17.mRNA.zip	30295370	c8cf874fc94fc8567f580f5f7d9df2f7075ef610d5acd2db0bec8a3a52281521	1	163680616	1	0	0	0	0	PASS
84c56953bbf88a82	soyod/Ji_Dou_17/ncrna/Ji_Dou_17.ncRNA.gff3.zip	89168	1bb98e21f1f695aec5a386ec7f3891ae8c76b9ab8f116f30f27c65f83576ad79	1	916201	1	0	0	0	0	PASS
134f7ffa16a55313	soyod/Ji_Dou_17/protein/Ji_Dou_17.protein.zip	12360398	abb20e2e2bbbfddaa43d10662e09d2b5f15bf82eb14acfe9009795bcb8d90764	1	38796256	1	0	0	0	0	PASS
07193d777599ff60	soyod/Jin_Dou_23/cds/Jin_Dou_23.CDS.zip	18398941	adbc5699bcb438a7bd05a3bab014d8b8032cbfbe3b4110b03846e2ce429b26ed	1	97297867	1	0	0	0	0	PASS
64cc0d4b46001b51	soyod/Jin_Dou_23/gff/Jin_Dou_23.annotation.zip	9924011	4821800b70275cef5f7cd0a55dc182541b7d2d0dfcb04198d4c84a5b7b15b656	1	113636990	1	0	0	0	0	PASS
4c4588cef1a503bc	soyod/Jin_Dou_23/mrna/Jin_Dou_23.mRNA.zip	27780612	4a6332f4329267a7071a01946142fac1de295e06f4a3b5be20a66a543410dd67	1	141788493	1	0	0	0	0	PASS
730005d4d9e28e65	soyod/Jin_Dou_23/ncrna/Jin_Dou_23.ncRNA.gff3.zip	85577	898c6e2a82fb5f6ead5733462e07377d5a6a8b80e062ecdca7cca7dc398e4608	1	875408	1	0	0	0	0	PASS
fc524c780de3efc3	soyod/Jin_Dou_23/protein/Jin_Dou_23.protein.zip	11491162	6e767e523bc4b773bd76e8917790453c46eb07fe6d81d45f9c68447992882fd2	1	33477310	1	0	0	0	0	PASS
a01fbed8ea293080	soyod/Ju_Xuan23/cds/Ju_Xuan23.CDS.zip	19497438	575efd41ada4d1ecd2c21e4db46bd0afd4f0e15a947accf885748afe7b065236	1	104442605	1	0	0	0	0	PASS
d5c52de8160ecb4f	soyod/Ju_Xuan23/genome/Ju_Xuan23.genome.zip	242178454	3e6c671dc67394a4972bd5abff5ba86771845c293d76ca74ca2136b3dae7c1e9	1	1007763440	1	0	0	0	0	PASS
4d54dec9f4a30044	soyod/Ju_Xuan23/gff/Ju_Xuan23.annotation.zip	10315818	7b8b486d0ad3d32ac20f3983eee9115b3427b2c8f369ae441baac42c0c7484eb	1	118839858	1	0	0	0	0	PASS
8cf5ea9bb22e6225	soyod/Ju_Xuan23/mrna/Ju_Xuan23.mRNA.zip	29053292	d360abaa90bcf337ab987b39144d57455d9b1a534382fc1b1130b1160bfe8cba	1	151472264	1	0	0	0	0	PASS
207aae3c09b9c7a4	soyod/Ju_Xuan23/ncrna/Ju_Xuan23.ncRNA.gff3.zip	83597	f8bda8c31f4759905d88711f1b4e77b2d6e0761d484c9aa31bc8b429c9139b06	1	861156	1	0	0	0	0	PASS
0f3a96f5a9dcf693	soyod/Ju_Xuan23/protein/Ju_Xuan23.protein.zip	11869572	776ebf92ee50e66d4a6b7ed57e12da422cbb91bb9e4fa8026d79b559cc9e094d	1	35934538	1	0	0	0	0	PASS
bdb2251b15e52425	soyod/Ke_Shan_1/cds/Ke_Shan_1.CDS.zip	19128231	edcad29c78147dd88880946940b1d42315dd2245d94594f77c33f64203052151	1	99521899	1	0	0	0	0	PASS
5d55482f32bbf200	soyod/Ke_Shan_1/genome/Ke_Shan_1.genome.zip	242180909	bae1b4dff9fe4fc5bf67e290c5caea87c9bc781851220de0a157ba2c9b7f3e7d	1	1007373258	1	0	0	0	0	PASS
9a564e1baa222ac4	soyod/Ke_Shan_1/gff/Ke_Shan_1.annotation.zip	10040996	7afb954c29b3685cbc1974cfb71b7553e3898ebe00bcd0dca365efb0960b7bc5	1	115280043	1	0	0	0	0	PASS
aca32af1cc616336	soyod/Ke_Shan_1/mrna/Ke_Shan_1.mRNA.zip	27625739	ff1ad17926349f2e1c8a2942b9cd347df94b15ef7d7a1fbbeeaf84cba0fbc836	1	143998009	1	0	0	0	0	PASS
959a70aa55cc5350	soyod/Ke_Shan_1/ncrna/Ke_Shan_1.ncRNA.gff3.zip	88383	083b87efc5d104e8764c7389c76618ec02fa32ab0af6b1f3ddd04d86d6ea4f66	1	910363	1	0	0	0	0	PASS
355a73969dba6451	soyod/Ke_Shan_1/protein/Ke_Shan_1.protein.zip	11654665	ebe4148fe822354e4de3b89a7663f57116b6b50b7ba24edd3f7d8d56b8e68384	1	34228668	1	0	0	0	0	PASS
c76efa1166d568e7	soyod/PI398296/cds/PI398296.CDS.zip	19413907	1f708ecda5364752607d9ac42027bf78cd9afafa8fdbf8235e72180cb9e6321f	1	101821143	1	0	0	0	0	PASS
b4cf3ab920428fd2	soyod/PI398296/genome/PI398296.genome.zip	253301926	5937fd21c6c37f6cb68f7b01035170a6b5a990481ae6c2ef814d9475e90e9c4c	1	1059787878	1	0	0	0	0	PASS
40f869988e5434a5	soyod/PI398296/gff/PI398296.annotation.zip	10275874	096217e9f3916706a2ff15b87c46b95d235383981b64447f7739988825010101	1	118298905	1	0	0	0	0	PASS
a81767278087edf0	soyod/PI398296/mrna/PI398296.mRNA.zip	28980381	cad8ecedd92c59af4af6faaa0fff3a7dbc718168b3befc9fc8b952f028cbabea	1	148147793	1	0	0	0	0	PASS
33db624c52be5ec2	soyod/PI398296/ncrna/PI398296.ncRNA.gff3.zip	87298	1fb3f7ca64db0d3e1b6c4ecf10325bc47f32223db8ee06a0104947071a3a140b	1	897108	1	0	0	0	0	PASS
209341738537534d	soyod/PI398296/protein/PI398296.protein.zip	11844497	769860ff04f67518dfa74198cde5b21f89d1fd44cd6ae0ca64a81f52f7636b5f	1	35020889	1	0	0	0	0	PASS
ccafcdd2acb57f87	soyod/PI483463/cds/PI483463.CDS.zip	16307790	08a72567899e736e9a7c031cf600f4b4035bdaf667b00e43c74cbcc55a5bd63b	1	80078937	1	0	0	0	0	PASS
f081d6533988ae97	soyod/PI483463/genome/PI483463.genome.zip	261352991	d5a18f9cd026d35456be699ad208b8b65d925de6946d333e82f22115bb28ad58	1	1001689847	1	0	0	0	0	PASS
ee631370c68de03b	soyod/PI483463/gff/PI483463.annotation.zip	10755988	3fc757d8d62d0d7912b2723b4f4ae472204fffe9d572e952e18bcd9c63139466	1	143237349	1	0	0	0	0	PASS
5ce98c58f98e3742	soyod/PI483463/mrna/PI483463.mRNA.zip	26220082	016764b80f6ba9404906540c1804840ea7f8695fbb05c9c1b7d00800253e21a7	1	122660062	1	0	0	0	0	PASS
893fcf6a1f8b5782	soyod/PI483463/protein/PI483463.protein.zip	11935771	3a7050a418c25cee626def4e585b12fcc5fcdd3681bb0c4ed6a7cd0705a35d2a	1	35953130	1	0	0	0	0	PASS
6e812c8f66469771	soyod/PI548362/cds/PI548362.CDS.zip	19968644	170c23aa5b4c07fcb4fd85f9908f2370312e02b4b0c3b2a9a159fe25bb5bbece	1	112754500	1	0	0	0	0	PASS
4aa0d0306a70f291	soyod/PI548362/genome/PI548362.genome.zip	243397747	64c8875d6a144aef90af9240df41fef0b5e231b4dd692250b0e3a8cf57292384	1	1004897448	1	0	0	0	0	PASS
4706fd29b4d0265e	soyod/PI548362/gff/PI548362.annotation.zip	10835535	1ad229f1eacb0bbecff9072592e02d9630159adda6fc5e623c29392af5f93a46	1	126687205	1	0	0	0	0	PASS
917d26486ab4fef9	soyod/PI548362/mrna/PI548362.mRNA.zip	29976861	0f02a66a6a077fe32428007849449011c5d46192c8ec5414202181892630738e	1	164312683	1	0	0	0	0	PASS
728fb42a03cc72bd	soyod/PI548362/ncrna/PI548362.ncRNA.gff3.zip	86312	a783113ebded59de112a45a345b813d0df207543a2b359ff6802713535b54545	1	886101	1	0	0	0	0	PASS
dc506ec7e5e2fbc7	soyod/PI548362/protein/PI548362.protein.zip	12260033	c8b48d344afb6bee27a4bbdfa8a908a0cbd93ea834c8c5e1b3dfeb46875cb817	1	38721099	1	0	0	0	0	PASS
78f0360bb627a63c	soyod/PI549046/cds/PI549046.CDS.zip	19826639	ed24bdf92b10f357d415fca799a335df18a9ff01896e22650a1e23a437ab8c50	1	109086031	1	0	0	0	0	PASS
44d3bf4b836d95cf	soyod/PI549046/genome/PI549046.genome.zip	245034385	d8129adb9ec1f40780ec1a20eab7f4d3e073beca758e2f502cbe5ae28ca2da55	1	1006958331	1	0	0	0	0	PASS
7c4fbe2246d41583	soyod/PI549046/gff/PI549046.annotation.zip	10510448	a1dd41d6e2d0bd95ee997a1ede3a1f6cd7ea5dec871e31114d7c798ef433175f	1	122204204	1	0	0	0	0	PASS
c120be5c2f29c4ca	soyod/PI549046/mrna/PI549046.mRNA.zip	30010640	40cc5cdfb5bf379ebbe1927d8bef8a08c5705307b7d59466c5dba69f09c3eb6c	1	157604905	1	0	0	0	0	PASS
b0d7a9bfda55621a	soyod/PI549046/ncrna/PI549046.ncRNA.gff3.zip	87726	3b8740b598f5822be3f1b84cafc07985880c92f48b4487445f83725d0d809feb	1	902484	1	0	0	0	0	PASS
822bb81b3cf5591e	soyod/PI549046/protein/PI549046.protein.zip	12190566	2228751480999eba4b101a7419fbe344fe6bc5d025e63acdf59424554ff52283	1	37461601	1	0	0	0	0	PASS
fb8e6a3a273786e9	soyod/PI562565/cds/PI562565.CDS.zip	19780536	baff93995901c6f60170f215ddf2693e2c34bcc18897bb915a99b57b3eb13d0f	1	110318351	1	0	0	0	0	PASS
b969c976a2d39758	soyod/PI562565/genome/PI562565.genome.zip	244007878	d03640b46e6c0dd6cd7e368979223d8003f7293157fe47397c78f505581b9a77	1	1021347916	1	0	0	0	0	PASS
3fffa7e85f4fe5a0	soyod/PI562565/gff/PI562565.annotation.zip	10610081	c486c0d858d3cdc6300d0045cb6246bb2f253fd03f265bfdcd1da52e56d97d9f	1	123275829	1	0	0	0	0	PASS
564b5bcbe5ade21d	soyod/PI562565/mrna/PI562565.mRNA.zip	29902695	fb5f50ff051b675d7d2d4b687bd46a2680fc7340d4cc3dd64f65065a5aa4754f	1	159949680	1	0	0	0	0	PASS
b8af2a78e32f9da3	soyod/PI562565/ncrna/PI562565.ncRNA.gff3.zip	83602	9493af1c05be4d027ab54d43af03247578df5e9110333ce9f57fb109e46176dd	1	861389	1	0	0	0	0	PASS
8eae16e0aa2740f9	soyod/PI562565/protein/PI562565.protein.zip	12144169	114fda3d1ff9f3fbc3cabb674a91459562081310a3ea3e0310e42c427ae0b14f	1	37923495	1	0	0	0	0	PASS
566ced55eef1834e	soyod/PI578357/cds/PI578357.CDS.zip	19181848	fc716a7ab79711d5e9eb1d202590e21877de9dced3e8bcb4483f878ce4ad3ca0	1	102646888	1	0	0	0	0	PASS
3285efe132daf350	soyod/PI578357/genome/PI578357.genome.zip	242352634	bb7077b09818a4c7d4252315db0cafb72d76920f4442937486c2b57b6779e375	1	1014548605	1	0	0	0	0	PASS
0d1867b70efeb992	soyod/PI578357/gff/PI578357.annotation.zip	10249646	77effaa2acac1ca82f35ca0f6c990461288ff03ebba3d2045996b90d9e11a2fb	1	117842308	1	0	0	0	0	PASS
09cbe99f03848b36	soyod/PI578357/mrna/PI578357.mRNA.zip	28409529	3caf88da25b407d501d13e061b6282af39beb478d33d8882473671670428bade	1	149583204	1	0	0	0	0	PASS
dc8d7d6245eed68a	soyod/PI578357/ncrna/PI578357.ncRNA.gff3.zip	92827	6f4a0870098b2142933269c03cda5ec29d763ee67753c88a7490fffd1e745baa	1	959952	1	0	0	0	0	PASS
57b14047b6bc361d	soyod/PI578357/protein/PI578357.protein.zip	11697325	357d8f04c6023acca37a46c894f46c0b5906d4f702dcd6968e58b8080f237ecb	1	35335248	1	0	0	0	0	PASS
ea438069b281987b	soyod/Qi_Huang_34/cds/Qi_Huang_34.CDS.zip	18588538	f025ebcb84409f3c2ea782d3b497f2804da28d9f2ccb9a933757607610d037e2	1	95432864	1	0	0	0	0	PASS
0dd962f2eb05b4f4	soyod/Qi_Huang_34/genome/Qi_Huang_34.genome.zip	241442000	0973cf04a712623a497390d040a48fcb4b008dfc09b684d74977fa3366f6e727	1	1002282893	1	0	0	0	0	PASS
9f7b7bfd97b5bdd0	soyod/Qi_Huang_34/gff/Qi_Huang_34.annotation.zip	9821974	bedcf03ce4aad7af402979da83c44b17d9c6fc4084b11eaa196ef5b5eb9a039c	1	112069934	1	0	0	0	0	PASS
1d1b312af8c26dbb	soyod/Qi_Huang_34/mrna/Qi_Huang_34.mRNA.zip	27527588	dfc4e284a4d111b06a5ecca13f519b50aae3c0b290b03e516c13adcb5224c7e3	1	137781585	1	0	0	0	0	PASS
270cfb81a32f061b	soyod/Qi_Huang_34/ncrna/Qi_Huang_34.ncRNA.gff3.zip	85857	df362dd19a02ff075dac006a479a691d7524e93cdf8970f5ee2cee9acec3a17f	1	881412	1	0	0	0	0	PASS
947ecf85e106f59a	soyod/Qi_Huang_34/protein/Qi_Huang_34.protein.zip	11436638	bedd203b01e2bb21c6f1b363a23ec0aa8f8d7a6ea5db8dc85d10f12f70aa00d2	1	32841804	1	0	0	0	0	PASS
9a346fb403e6dcc5	soyod/Shi_Sheng_Chang_Ye/cds/Shi_Sheng_Chang_Ye.CDS.zip	20437625	48eeb6d2003339e90845a57d412404ec8e793a1aeb5080058b2c9598c63b914b	1	112333119	1	0	0	0	0	PASS
2463ebe00b6ba0e0	soyod/Shi_Sheng_Chang_Ye/genome/Shi_Sheng_Chang_Ye.genome.zip	249369560	9502cff6617352e6b1b60915505c80094ed269947508ad2041d656b6333cc4b5	1	1028223747	1	0	0	0	0	PASS
879ad9011faf6f88	soyod/Shi_Sheng_Chang_Ye/gff/Shi_Sheng_Chang_Ye.annotation.zip	10818165	b9cf904e48bf069b8eb37515be0fa64383613c7717691ccb2de22787d7f2d854	1	125517405	1	0	0	0	0	PASS
6bd24a5a1c744b1a	soyod/Shi_Sheng_Chang_Ye/mrna/Shi_Sheng_Chang_Ye.mRNA.zip	29971993	c2a0a5b254ff34279b07fe40c44dbc942a7e1d24fe371104b48668304ec5ab3c	1	163575030	1	0	0	0	0	PASS
5b13936f49d380b4	soyod/Shi_Sheng_Chang_Ye/ncrna/Shi_Sheng_Chang_Ye.ncRNA.gff3.zip	89068	3ed6a768c8f7946a368af08ddc974c4c642265a3c78f66fa13d4f4d00484b7d0	1	916393	1	0	0	0	0	PASS
aed53eae6f98aaba	soyod/Shi_Sheng_Chang_Ye/protein/Shi_Sheng_Chang_Ye.protein.zip	12386694	680e848ee8bdcfa4def8aed01721cef0a1ce216bf7f6d8c653f965804d9e90e7	1	38618283	1	0	0	0	0	PASS
6decd0ef24c6fd1d	soyod/Tian_Long_1/gff/Tian_Long_1.annotation.zip	6746537	22d1978d7d3800b583330742fe6bcdddd81970f3596a88ce9bae254732765cc0	1	74093144	1	0	0	0	0	PASS
883fec970374ac00	soyod/Tie_Feng_18/cds/Tie_Feng_18.CDS.zip	18797403	ad038e5a587f8d970ec928b904aee947f35ffdd19bd34a136a46e6753f5c7475	1	101482168	1	0	0	0	0	PASS
deebbeaa4311ff23	soyod/Tie_Feng_18/genome/Tie_Feng_18.genome.zip	242670660	2ed7af783d24a0225a02212afca5bd4850024acdd65a59a0f37f67e41962cba7	1	1011073921	1	0	0	0	0	PASS
ae5afb618217286c	soyod/Tie_Feng_18/gff/Tie_Feng_18.annotation.zip	10180068	04bf24548a773a1238aea7216fbb018a3e2d83d7231807a8e51e962498cb4dfa	1	117237701	1	0	0	0	0	PASS
fd6851b2c3d3d1fa	soyod/Tie_Feng_18/mrna/Tie_Feng_18.mRNA.zip	28412722	0dc93058beb7f5f9b9793fd241ef4337f50e82e05ad57b64247575576bcf7265	1	148061285	1	0	0	0	0	PASS
4f81f7c66b4db874	soyod/Tie_Feng_18/ncrna/Tie_Feng_18.ncRNA.gff3.zip	87158	2581f277a5f6e11030d1521f765c229584b3a1b99619498b55f391f14f802aa0	1	898313	1	0	0	0	0	PASS
12fed5f569a4aed3	soyod/Tie_Feng_18/protein/Tie_Feng_18.protein.zip	11720911	e5deb1e859cefab2f7f1bafa29aa8bf9e71c64d3f8bd9faedebef503b09e80f5	1	34896312	1	0	0	0	0	PASS
b1dcbabc29a07430	soyod/Tie_Jia_Si_Li_Huang/cds/Tie_Jia_Si_Li_Huang.CDS.zip	19691207	b7aa56ff3e2d1bc989b1fa386153a3e7b33f3ed57823ac5e467ce77b045787c6	1	110810019	1	0	0	0	0	PASS
750bd8afed15b66a	soyod/Tie_Jia_Si_Li_Huang/genome/Tie_Jia_Si_Li_Huang.genome.zip	243306660	ff51742af539305d8cd914c61301758aa861a8e5537b3b8bf6589f1e6ae2e77c	1	999714116	1	0	0	0	0	PASS
acc738f6a567d8fe	soyod/Tie_Jia_Si_Li_Huang/gff/Tie_Jia_Si_Li_Huang.annotation.zip	10717561	1e07530d1058d1f808465869f1a64cd90afa0eeccde915735c63406f7463bbc5	1	124427539	1	0	0	0	0	PASS
d43431b39d965e42	soyod/Tie_Jia_Si_Li_Huang/mrna/Tie_Jia_Si_Li_Huang.mRNA.zip	30364590	9b177a7b941317f29326a70225ca9cfd8da0fd5db16ce9f939ff04e24bc52036	1	163184084	1	0	0	0	0	PASS
cc3ddc562788eadf	soyod/Tie_Jia_Si_Li_Huang/ncrna/Tie_Jia_Si_Li_Huang.ncRNA.gff3.zip	88238	43d12546f65675deea1fcf492600893e81573226d040203953e7b348654e4439	1	907115	1	0	0	0	0	PASS
94e3569aafa47ef9	soyod/Tie_Jia_Si_Li_Huang/protein/Tie_Jia_Si_Li_Huang.protein.zip	12177918	d03dcbc02e71dcff3a99b67c62f0983a709c1a70b7d8027af18fb6d2d3bc867c	1	38100368	1	0	0	0	0	PASS
8ac645b25be72f2a	soyod/Tong_Shan_Tian_E_Dan/cds/Tong_Shan_Tian_E_Dan.CDS.zip	19003882	0cb6adc8f5396597b22a2bdff6ca2a7dcc206567bbbaa21ed31d5e0264db3b28	1	102070384	1	0	0	0	0	PASS
b2c698f98d9f20fb	soyod/Tong_Shan_Tian_E_Dan/genome/Tong_Shan_Tian_E_Dan.genome.zip	249604801	a1055cd5ff1f42d9c0b2224cd0ce7fa600fc7c2f4bbd4ff3ff686faac3f76ad7	1	1039514171	1	0	0	0	0	PASS
bc6689fb947a6f61	soyod/Tong_Shan_Tian_E_Dan/gff/Tong_Shan_Tian_E_Dan.annotation.zip	10283968	42b2bba419242b29c2c56d4726db5900d459224f00310ceb61faca14cd95f085	1	118585935	1	0	0	0	0	PASS
21661c4a03ab5620	soyod/Tong_Shan_Tian_E_Dan/mrna/Tong_Shan_Tian_E_Dan.mRNA.zip	28721954	5ccb6e2acadaa792b3b96e1739679fae8260b893f62f71c86b4ec722b3f0c6d0	1	149233819	1	0	0	0	0	PASS
a7d3d9b6d017c58f	soyod/Tong_Shan_Tian_E_Dan/ncrna/Tong_Shan_Tian_E_Dan.ncRNA.gff3.zip	86507	cc0d1d2d0f3c644d33047386947a18c1fca8de46dbf3f844250f3f4182e037b4	1	887062	1	0	0	0	0	PASS
45db774006f69c96	soyod/Tong_Shan_Tian_E_Dan/protein/Tong_Shan_Tian_E_Dan.protein.zip	11802644	ed95350e08543b35e31b95de5fe02b4a2804263a8fde9fab7c17fc93f6f0f70b	1	35104816	1	0	0	0	0	PASS
2ef3163a710cf611	soyod/W05/genome/W05.genome.zip	242677694	eb29f495d78a7a1b97c68da8d564410a077e6152f7ad766feeafc615a993156b	1	1013241812	1	0	0	0	0	PASS
62bc538c6812a83f	soyod/W05/mrna/W05.mRNA.zip	51003330	335c6fcae50fb4f9def6334d55bc9a3fed4991427b732df44124d7e69f00fe43	1	181552494	1	0	0	0	0	PASS
bc33a6f0bb408cf3	soyod/W05/protein/W05.protein.zip	14204416	9ecc98259a25109dedc0db88e9d9c749f51054e41299b087a6e923b67c75dd0e	1	50656363	1	0	0	0	0	PASS
c8bc27ba55ee0cf9	soyod/Wan_Dou_28/cds/Wan_Dou_28.CDS.zip	19518246	ed6c82bdbb531351b3feba3b41195ef213b132576b1f0c6c2386e19c90f3cf53	1	102745531	1	0	0	0	0	PASS
bc01465af24b1494	soyod/Wan_Dou_28/genome/Wan_Dou_28.genome.zip	242276008	8f732896377ea186cb8f4a8dc1fcbb7174f97bb586d1619f015a1cfb8923b8e9	1	1001499638	1	0	0	0	0	PASS
2b0d9e94025decf0	soyod/Wan_Dou_28/gff/Wan_Dou_28.annotation.zip	10142470	b0e921132d292a7bb01934a4f92a632fcc0093ab36eea41ef86cc468b3e8d4d1	1	116373706	1	0	0	0	0	PASS
129652410e184b87	soyod/Wan_Dou_28/mrna/Wan_Dou_28.mRNA.zip	27763948	0c484f9b50ae0735bd89ef43cf636924789f51b26fd6781dcff3f60960460a4d	1	144804619	1	0	0	0	0	PASS
6d630bbb052e542f	soyod/Wan_Dou_28/ncrna/Wan_Dou_28.ncRNA.gff3.zip	85020	5cf2778ccde43e1ae68188ac98bb8c9f224077342709e0a91fa32edf07fd2408	1	873851	1	0	0	0	0	PASS
57f2499e1f1a62d3	soyod/Wan_Dou_28/protein/Wan_Dou_28.protein.zip	11883032	61e3f046658e69b7cff2160097962610b189d20b5c3b41a09f897033b14fa42a	1	35354593	1	0	0	0	0	PASS
ded9b0ecabc6d82d	soyod/Williams82.a1.v1/gff/Williams82.a1.v1.annotation3.zip	17139457	cc603382223b003c47027189dd0d2e0294ab42b6c9e84f65858bea024a2ab645	1	160368233	1	0	0	0	0	PASS
935ae78f60c47dbc	soyod/Williams82.a2.v1/gff/Williams82.a2.v1.annotation3.zip	15241287	97ce67f2c0ba4cb0519b617d17a3b0e9964b532ea9c8b177c4b7e6c388563cb3	1	204482032	1	0	0	0	0	PASS
37310c69000d854d	soyod/Williams82.a4.v1/cds/Williams82.a4.v1.CDS.zip	18129752	4d74c1898bae6c82c1ed823a91511756420098318b84e4f488edaeb86726614c	1	118232093	1	0	0	0	0	PASS
af118fd99a1a0e82	soyod/Williams82.a4.v1/genome/Williams82.a4.v1.genome.zip	251683228	90e5e10c669fa2db50f67327ff48ffa522446787f62b82a6eefb899cb641a883	1	990620630	1	0	0	0	0	PASS
34fa72c15726d4b9	soyod/Williams82.a4.v1/gff/Williams82.a4.v1.annotation3.zip	16805199	36cfd0448338c9cdb69022b6c5b30d62c99c1b4346413a9f6b7ac05666060613	1	182434801	1	0	0	0	0	PASS
42e6205ad29ddb16	soyod/Williams82.a4.v1/mrna/Williams82.a4.v1.mRNA.zip	28192261	d899ff554598b97d31dd9d2ad07ff2b5283f8b536fdfe16161f2c0dfb392c333	1	177003931	1	0	0	0	0	PASS
59b2a96a5b3d90d4	soyod/Williams_82_T2T/cds/W82_T2T.cds.zip	24279631	09c851e2d13265d0dda44bf12557e2b2ceeb2a6bb94aa60b7d54a40a0e8b7fac	1	144576690	1	0	0	0	0	PASS
6d9f4e033c44d941	soyod/Williams_82_T2T/genome/W82_T2T.genome.zip	257058642	ef7230edb29dcb07cc1dc377458b81de421e88d2727fba9bb4022b77da637265	1	1021913479	1	0	0	0	0	PASS
f166da6066fb23f0	soyod/Williams_82_T2T/mrna/W82_T2T.mRNA.zip	37842132	59932cec638b8b06bf832b121d964c85166e8408285bd3be4da480c5ee3cbd6a	1	205689329	1	0	0	0	0	PASS
e4e5169bec3ee07d	soyod/Williams_82_T2T/ncrna/W82_T2T.zip	4058434	173122752c518d999a8cb49d65d1e92c66dcc887f433904cd2e84a1188a86f59	1	33031962	1	0	0	0	0	PASS
4e64c168274b2a08	soyod/Williams_82_T2T/protein/W82_T2T.protein.zip	16879186	295c324e3b18f41aedb0332519bd875578a4edae2dbe930a4291292bb94c19e0	1	67517583	1	0	0	0	0	PASS
2665e91ddfdeb9b8	soyod/Xu_Dou_1/cds/Xu_Dou_1.CDS.zip	18321824	a93edf2330d3e563eb173531ef732b6475995749cd58df453b59fd11da178930	1	91932675	1	0	0	0	0	PASS
da2ced9af8be426c	soyod/Xu_Dou_1/genome/Xu_Dou_1.genome.zip	242126253	89b14e7c35494109ac846504054c1bf706f273da58b21b12b450afa200b559ee	1	1003797389	1	0	0	0	0	PASS
bb97a52639be70c5	soyod/Xu_Dou_1/gff/Xu_Dou_1.annotation.zip	9566402	7857ae8d28c3436e6d4bf9850b92d0f64afa7d65af7c6a882edc005ee64e476b	1	108731446	1	0	0	0	0	PASS
d1030362d22013d3	soyod/Xu_Dou_1/mrna/Xu_Dou_1.mRNA.zip	26772973	66bccc33f880b83f0c6b3e161f578d4d1b2880ff8eaf2ee7b7256c5095106591	1	131888071	1	0	0	0	0	PASS
73ce4fd1fe05e0f4	soyod/Xu_Dou_1/ncrna/Xu_Dou_1.ncRNA.gff3.zip	84062	d0fae1db9fdd73e915cbcfa53e7e8742cec07310a21df0e830e5b40af532fa7b	1	864053	1	0	0	0	0	PASS
696c608322e3de20	soyod/Xu_Dou_1/protein/Xu_Dou_1.protein.zip	11261159	ec825bce2efd5db0ef76385f5413d0828e89e09ac6d02edbe31d32560e7caeb1	1	31651382	1	0	0	0	0	PASS
2f7c932dc6c56a04	soyod/Yesheng71_T2T/genome/Yesheng71.genome.zip	258803666	e993ca825ce719d26e07a79cbb6e551009a8f4f60145480fbcc321ed9222ec61	1	1035349442	1	0	0	0	0	PASS
a7f24165777efd2d	soyod/Yesheng71_T2T/gff/Yesheng71.annotation.zip	13982908	3af1fd511bcbc00d7cdcff7c794755fb330a0e7496fd062dfc4d2b159269a810	1	184457330	1	0	0	0	0	PASS
e5d369c4e0e85ceb	soyod/Yesheng71_T2T/mrna/Yesheng71.mRNA.zip	69066398	e910f74c0f62626ec1e94da7f7e578a2300492b319af9ae815b184bd4332ea37	1	345631906	1	0	0	0	0	PASS
ec13c2849605cb3f	soyod/Yesheng71_T2T/protein/Yesheng71.protein.zip	11701610	d78cb7a14fa042d06dc5e58b946d1558a3e75a9a5996ef6045064fd8998cdc7c	1	31772338	1	0	0	0	0	PASS
25dc214c0f23f7bd	soyod/Yu_Dou_22/cds/Yu_Dou_22.CDS.zip	19592305	392d4a1bd336caab1f846d32fb866afbec26fedf6191116e018e3b31ac637f71	1	101179238	1	0	0	0	0	PASS
ed52609950d78e84	soyod/Yu_Dou_22/genome/Yu_Dou_22.genome.zip	241214324	163aa6eb72d767bd59f38851c5bd11babe91ce6b89fe02ce8ca7849f5f1fed97	1	1007879872	1	0	0	0	0	PASS
2f720dcb48168de8	soyod/Yu_Dou_22/gff/Yu_Dou_22.annotation.zip	10037088	15f6ea0cbe9ceeffdac356f0ac28e6aa48d713c5409d6740aba574855737589d	1	115233490	1	0	0	0	0	PASS
92c6cd7c58297310	soyod/Yu_Dou_22/mrna/Yu_Dou_22.mRNA.zip	27948607	f1d9f31806becffc59719367e2d001645c8acfc4e75934c408ff563d2cea6b4b	1	141452161	1	0	0	0	0	PASS
2f1c513e2d165b1e	soyod/Yu_Dou_22/ncrna/Yu_Dou_22.ncRNA.gff3.zip	84679	cb671606484e3091363e3093e8d30221e55c3424769faa896fe6e00c99c66ae3	1	868713	1	0	0	0	0	PASS
1bf756cbc0c35bea	soyod/Yu_Dou_22/protein/Yu_Dou_22.protein.zip	11915966	ab1678241f149d6a617022a55eb2c93b53ff7bac8556b4cfa148a829c00b4c6f	1	34781765	1	0	0	0	0	PASS
03d68bd491f990ac	soyod/Yundou1_T2T/genome/Yundou1.genome.zip	257369920	07675319604e8f69aaf4af7215488519f88c4692d77f4bfeea076e258a750dad	1	1025324054	1	0	0	0	0	PASS
6b47936353e8ba4e	soyod/Yundou1_T2T/gff/Yundou1.annotation.zip	13785891	4158bc67fb6dc7f380ee5c0bb8b9dc4487a3e6a224df3d7adf833e40d5ae6912	1	181309054	1	0	0	0	0	PASS
1fd4a21fe5ab1026	soyod/Yundou1_T2T/mrna/Yundou1.mRNA.zip	68730033	c98b9c9877d8769c4538d07b1d94ada8f1bb54c036f210697fc51b79245d9119	1	343042531	1	0	0	0	0	PASS
98bff72976d0461c	soyod/ZH13_T2T-2/genome/ZH13_T2T-2.genome.zip	263107912	2e8e3589b581b447efb6222ec138f97665f1d40146bdfb41d25507f10abb28db	1	1031942087	1	0	0	0	0	PASS
f78ac47d0fd0f890	soyod/Zhong_Huang_13.v1/cds/Zhong_Huang_13.v1.CDS.zip	23027416	55d17c1384bcf2a69b3f32ac889bddcb2cb99053b69bffa74fcd78f4600af042	1	94511803	1	0	0	0	0	PASS
a5c88c114ea545e6	soyod/Zhong_Huang_13.v1/genome/Zhong_Huang_13.v1.genome.zip	260202715	182d058f40984bd10ae36e757697f5e6726ce6c1129f59101e1b96c6c7d339e3	1	1030527402	1	0	0	0	0	PASS
6538a7ec40bee0d3	soyod/Zhong_Huang_13.v1/gff/Zhong_Huang_13.v1.annotation.zip	8545027	41e7f2c87824ede4772df40a0d97cc3fde8b010692dd494d52aa60e01d8c062b	1	127934704	1	0	0	0	0	PASS
91b8eb45c6991ef1	soyod/Zhong_Huang_13.v1/mrna/Zhong_Huang_13.v1.mRNA.zip	27613669	78758cd279787244a028324427ef835407ec86104060de6f1d25e6061dd216c1	1	112533350	1	0	0	0	0	PASS
fe3d54da850051c3	soyod/Zhong_Huang_13.v2/cds/Zhong_Huang_13.v2.CDS.zip	19885415	081c19bd30cdef0dc8a2fbe3674d6a174509a507f9e3d6215f4ff555e8268f1b	1	129233134	1	0	0	0	0	PASS
a9659c0685f811f6	soyod/Zhong_Huang_13.v2/genome/Zhong_Huang_13.v2.genome.zip	245425363	382a07921f713b8542d7fee1954372edcd86bf5852fbe3047d3e9ff645c7082c	1	1011958661	1	0	0	0	0	PASS
984c59730168bdc5	soyod/Zhong_Huang_13.v2/gff/Zhong_Huang_13.v2.annotation.zip	11836664	694529f8c8d06f1e0ee0a8f30793e69e35e16e30b0cc3334c2f7361fbf5fe8f8	1	153596888	1	0	0	0	0	PASS
7c368d54bacb1957	soyod/Zhong_Huang_13.v2/mrna/Zhong_Huang_13.v2.mRNA.zip	34564483	2d588ad9876fe5784fee1c79e9aae954b7d2df6ea1f9a391d3a16ca6bb088b6a	1	205876399	1	0	0	0	0	PASS
e7f0e42515e6d504	soyod/Zhong_Huang_13.v2/ncrna/Zhong_Huang_13.v2.ncRNA.gff3.zip	85111	29d3d594c7ff590d24cda170674835b4e83e5bd4fcfaa0369ce3143a7d1fd3bb	1	871146	1	0	0	0	0	PASS
29fbc37501aa4df8	soyod/Zhong_Huang_13.v2/protein/Zhong_Huang_13.v2.protein.zip	12091292	501e2ef95e03e1d121a57019a20c7c74bdfa6c04c7b98132e52c8949e9058ffe	1	44387963	1	0	0	0	0	PASS
2633dda6e1864365	soyod/Zhong_Huang_13_T2T/cds/ZH13_T2T.cds.zip	23950147	7573abaa0a4e16a124ea57259a76951c0022262bbe5cf9f686933bec0ee0c9b7	1	117836526	1	0	0	0	0	PASS
8ae633b96b43b8be	soyod/Zhong_Huang_13_T2T/genome/ZH13_T2T.genome.zip	255959924	a393934cf58643dd89ec7621562378cdacf221a91335d30660cc34c3f1844318	1	1017311706	1	0	0	0	0	PASS
9254c23b049f6982	soyod/Zhong_Huang_13_T2T/gff/ZH13_T2T.annotation.zip	47519406	7a35f4f0783428d357c461145762ee8ea55103b4d2596e077eefd602354af874	1	511991251	1	0	0	0	0	PASS
de91cf8acac7cb34	soyod/Zhong_Huang_13_T2T/mrna/ZH13_T2T.mRNA.zip	33669515	cb21cb35a8b9038dfbbd9d2e7a6b93b1bdd29d60710d1ebf3200f8eee3e55fef	1	182022940	1	0	0	0	0	PASS
c6fb26afedeef9b4	soyod/Zhong_Huang_13_T2T/ncrna/ZH13_T2T.zip	3687236	afedcd92a59aa4f7ea3a0306bce7bc6fe666099e615afa2e0f9f77bddd255fd5	1	29516943	1	0	0	0	0	PASS
2f319171229ac3fa	soyod/Zhong_Huang_13_T2T/protein/ZH13_T2T.protein.zip	16899726	fbd51135a79e88b4cfd7ccef27abe962525fb867afad7634dc6262b1183d3be1	1	56322027	1	0	0	0	0	PASS
25287c01e8cdc772	soyod/Zhutwinning2/cds/Zhutwinning2.CDS.zip	18303592	72ce3c114207a7f93b39d4e57a10a41065c67f7de34b8cf41e0bd75107232c9a	1	92986439	1	0	0	0	0	PASS
baba6433a1f20ab5	soyod/Zhutwinning2/genome/Zhutwinning2.genome.zip	241766261	1f64eb702267061617bf6b3782eab3dfa6d0e98efd3a25898584d339d8f6f14c	1	999202653	1	0	0	0	0	PASS
30819cddf2c8cc07	soyod/Zhutwinning2/gff/Zhutwinning2.annotation.zip	9659325	d53c7b39b0683689ba5b294937b9dc5d38d76e4431257280ea9582b45c81ba24	1	110006654	1	0	0	0	0	PASS
d31e08643c6422a1	soyod/Zhutwinning2/mrna/Zhutwinning2.mRNA.zip	26689132	5bedf381c336e2307d4679faee7d72784a470de4cc90c01d6acd76f31acb5e35	1	133905349	1	0	0	0	0	PASS
4d7aefe157f8c38b	soyod/Zhutwinning2/ncrna/Zhutwinning2.ncRNA.gff3.zip	85814	aa43f293beb31dc12c94455da5b797e41a0a90146c0f52c7be58393c69f8f71d	1	881373	1	0	0	0	0	PASS
1955b7c8e0c2793d	soyod/Zhutwinning2/protein/Zhutwinning2.protein.zip	11284694	a7122484d8c9352b3eb90c78548ddc1aefa14abdc17eb63564f64293eb94bd56	1	32010599	1	0	0	0	0	PASS
3d5388b7ca8d846e	soyod/Zi_Hua_4/cds/Zi_Hua_4.CDS.zip	18688159	44adeada6f340a9c76db3e6302fade6ab0cb8097a8c919722ff0951155dae67a	1	98184797	1	0	0	0	0	PASS
5be2b1e193d38aaa	soyod/Zi_Hua_4/genome/Zi_Hua_4.genome.zip	242863222	8342445d430f851d5a8342bc68a194e08ee983b72631c209bd28985c1c70a127	1	1011672179	1	0	0	0	0	PASS
3be8dca83da645ea	soyod/Zi_Hua_4/gff/Zi_Hua_4.annotation.zip	9965310	ec25ed47f41d5d78fc5d1c1f2e70034720837b33e47c7a254014f1c60bf2bf28	1	114339110	1	0	0	0	0	PASS
a56b859414d54766	soyod/Zi_Hua_4/mrna/Zi_Hua_4.mRNA.zip	27746471	be3e10805930e5087773532ea7203ad4c399fd24155209e60872136fba10ceff	1	142692281	1	0	0	0	0	PASS
749300831812e1e6	soyod/Zi_Hua_4/ncrna/Zi_Hua_4.ncRNA.gff3.zip	85624	f46af0ff6f4e302d02fecc737059b5f74b47a29d07a8bcb6dc9e92286e416bf9	1	876054	1	0	0	0	0	PASS
851ea60570cdee81	soyod/Zi_Hua_4/protein/Zi_Hua_4.protein.zip	11546855	ff8c479fb82b67cd324f8af109479802a84ab2dee4baaaec00bceef5a9b9383f	1	33777559	1	0	0	0	0	PASS
