candidate_id	orientation_signature	orientation_group_id	orientation_group_size	orientation_representative
0105841b3d761b8a	fa37d7ea093c2020a558a93716fca14aa8c2cca0179e50883df56f1fdf6cd715	orientation-fa37d7ea093c2020	1	True
01095238acb23a90	fcb7c3e5b0abdaec38a4d068bc1f3d43d3114c256f205ed9b1c154e98dc72217	orientation-fcb7c3e5b0abdaec	1	True
0134cd3270bdfc7a	e55a3cd511b2afe9c99392404928ef274ec98ddb74327f287663ea99776ffdbc	orientation-e55a3cd511b2afe9	1	True
01bd34ba2a35deea	0d237db9b0874f0c64ea9edafb4cfdc378a35eaf217e0c2b77db4f07a4b5481d	orientation-0d237db9b0874f0c	1	True
027c09fbd90a132f	3515fe47eb7779cf84e898117cd23917c8fa766bfa0870d432717d4e3058f29a	orientation-3515fe47eb7779cf	1	True
02f77fe85874d9d1	289fa8f13cbe8aa1e6cea08832536a307663347212248556048c8307486b97ef	orientation-289fa8f13cbe8aa1	1	True
048deac0b41ba782	dd028ae41726e500ec4a3b9b7072d936a98e3a557511785af9af7af69b96f0cc	orientation-dd028ae41726e500	1	True
05ad07a362bbaf87	ef633b708d0c82d7fa71d6592b556d7da1cc671a9f41fde07d9bfc6184a9e2ef	orientation-ef633b708d0c82d7	1	True
07fae578244baa68	bddc23d93d7be931337e2778dfbe30a070ff61cbd127aabd5056ec680cde7fa6	orientation-bddc23d93d7be931	1	True
09d64a35cfa9497a	f5f755c2727c0f378cd510e68608897a99c98132e3b96cfa29f7a60bbc802ac0	orientation-f5f755c2727c0f37	1	True
0a5a35e474446d15	621e04a9d80fcb6c49e68b7d2577150adb75837e4c91876a92ebba7de9936158	orientation-621e04a9d80fcb6c	1	True
0b4f69cb2f7e7490	6c2ed7976c46cd22177eb02c88238730d6f74eaa652c95bcde21731155f7091a	orientation-6c2ed7976c46cd22	1	True
0d0ef55ae6b0667a	dd0b00981d73e5dc5f25b3990c8f869136952df6a7351a713e0f08b99599f474	orientation-dd0b00981d73e5dc	1	True
0d369ef4d174838f	418663b00e474669910101abeae97710b35a64b224b3dba8ffd07cf9d273d72a	orientation-418663b00e474669	2	True
0d4bbe911fa24fe9	81751db8d008ccc02d07b5a3d6f4c677ec1a896a97441d8f2f1a46d536d00bf0	orientation-81751db8d008ccc0	1	True
0dad4b7c48918a2d	d650e0985524bdd7f1d2dfc32d3f0d339a17971d8868b786685ddfe9616fa5da	orientation-d650e0985524bdd7	1	True
0dc34b669095c6fc	e3467a96050c90bf9114e0a5de82d2a314832a64f7c342d3bd9583d948ac5c54	orientation-e3467a96050c90bf	1	True
0dd3c819f44b67d7	73dbf4049d487c828b1a48b3f0987b1bf12ee1b53f9e5564ccae78be760b4f82	orientation-73dbf4049d487c82	1	True
0de0accd36af9193	fccc9d0191afef348bf924c3ea47aea341116d935631449b60035ecb5b40f385	orientation-fccc9d0191afef34	1	True
0df156cb56003e79	004cc5f97360f893cf62dc13751afb1107aeee0ecb3ac63732a40dd09e1b60c4	orientation-004cc5f97360f893	2	True
109ae664faca4799	d8e2f7793c88ef82f3113b06b644d192e77cf6d3bf3d56e3bd9d518ce417902f	orientation-d8e2f7793c88ef82	2	True
113fadf96eebfab1	b3368c1a5e607294118239dfce6629d43fd1ec524f903812a81995950254239f	orientation-b3368c1a5e607294	1	True
114a4714c62f84aa	c0ef34b6ae2af513296ba750e0421118ce2ea540578d530dd1d1f95b2f715213	orientation-c0ef34b6ae2af513	1	True
11b5b397b75578bb	41b458418233b3d4e1de80eafaffa28db73efef7cd103870bc32c0d815362531	orientation-41b458418233b3d4	1	True
13c241bd7fddb5df	eb6b7e3e857b67fa7fab36a31c8d6f732a217eca51a1ae668fe467f05a3c6653	orientation-eb6b7e3e857b67fa	1	True
152a73331c68496b	dd239422d46dcafb1af84ed1e3935b5042379d1970665982576a6f527dd19c63	orientation-dd239422d46dcafb	1	True
155d14055ff0f670	e7f6fc1719f478cb5e3303874ec1b0ba7b037c76f328e7b7f349c77b491ed57b	orientation-e7f6fc1719f478cb	1	True
16beef999dd1be0e	ae73383c4d47979cc8c2c0e9d3a4647281157ea25d890a8a577607cd6cf8afb9	orientation-ae73383c4d47979c	1	True
171869ade9f5b76e	7ca16ebb18b4ca2fc6e4a817748a8c4bfafdb0bd24fed782539930abd1854cc9	orientation-7ca16ebb18b4ca2f	2	True
17884d0a84029a68	caf7620f8bc93de98d65e583754da6db3e13350c662aea2a53ca050616143dd1	orientation-caf7620f8bc93de9	1	True
17921cb217286fc4	1f0886bdee48083907b3f5ec270a67cc7ef1ce185d24e50060a24a8e7a02a21d	orientation-1f0886bdee480839	1	True
179aa3b9d7ae5dd3	dc4bc5048ede1046b4db543c78a568ad31c41a694b3014ba7fa1a34a07bbd047	orientation-dc4bc5048ede1046	1	True
17a6cb87f6f8221d	4b6ea53b8426844a59fd12eee7d7227dca842a5529ff72f245b3e1166e742d0b	orientation-4b6ea53b8426844a	1	True
17aa980862a428b6	4a290193399e8501bc7398c39e0a2b869a30bd01baca72e53cd05c45f6ef9305	orientation-4a290193399e8501	1	True
17e7b10334e776bc	05da7373f545e6cc70e68bd067f58e555d32c4422795d1ef4a767927752ad056	orientation-05da7373f545e6cc	1	True
1815273b5e4ad094	01d5b3bc4c4dcaaf7b1cdbbc15d410d2bc7562bf113a06f87dbcef0e1e8d932d	orientation-01d5b3bc4c4dcaaf	1	True
18614e22cfd1167a	b7babcb393090a1bba243d96929a5bc628c4a6b989b9ac92aff4055bef5406b4	orientation-b7babcb393090a1b	1	True
1945ba4c0ba1281f	d5006dab39919623ad981a54601612843fb809033a4339d0845e686756cf803d	orientation-d5006dab39919623	1	True
195fb29e3840d61b	0aed5d755e331496be5af8468b60dafdb632db7f5c4148544774864c54215ed6	orientation-0aed5d755e331496	1	True
1969c44cccdbc0ca	f1a703bf9586b31ceefc88233bb4256880307546b6f27c4c4d3394314ae476f9	orientation-f1a703bf9586b31c	1	True
19a3704fc5744b8a	7e5d19b555e71e25c968bce034f03e767aeae885f00a1b41c168c82285c674c3	orientation-7e5d19b555e71e25	1	True
19b005bcf2747187	4b85f5de5d900cd57248e195dfe60f4a95ba93292567b808f716984ed0dd3627	orientation-4b85f5de5d900cd5	1	True
1a700e8353f7effb	b3e647236f730d6553e5f2cdbe538e2b4dcd00f5ddda838f791a1b7ea917a143	orientation-b3e647236f730d65	2	True
1a8f6038ca9ca128	f1548bb8ef45b06cfa9c05835f7352a18425ee6f02975eb320518bdf9d41349b	orientation-f1548bb8ef45b06c	1	True
1b3bf9483f50efe1	b3e647236f730d6553e5f2cdbe538e2b4dcd00f5ddda838f791a1b7ea917a143	orientation-b3e647236f730d65	2	False
1b93544fbbeb7d5d	2face8ede517f5c388c92edc6a020c441480229b18ea7026a962a91f2605d346	orientation-2face8ede517f5c3	2	True
1be2867072344ebf	4e5133b07aff47820d7c8d4ae4c53c3bd36d508b8cf1b966080e6a66ef0a4860	orientation-4e5133b07aff4782	1	True
1cac6cdef48a6b1e	e9d6be27d8ea70c59d7374112f2ae911b310c506ef2b7003d8f72e5b807e2f37	orientation-e9d6be27d8ea70c5	1	True
1e03257b23978be3	0b5b5bababaa3efee47c4003eece383e29dbb7fd09a91a2378c5d95afaeaeabe	orientation-0b5b5bababaa3efe	1	True
1e2b22ed1968e522	8b5dfe4b75cdec742cf370d5a747bfd377f222553cbddc1a1b09b3919f99649c	orientation-8b5dfe4b75cdec74	1	True
1e3747d1b9b74146	bb74b31bfd85912f4942372c3acab0cbec2600fdaa6ad296f3a597292bde4050	orientation-bb74b31bfd85912f	2	True
1edf6a8a547243a1	cbd20e644761a11d7972211e4669e488e49d62cc9296ea1bf977a1c8b902bed4	orientation-cbd20e644761a11d	1	True
1f214bea4d5a72fb	8535dba4eb08ac51025be6ed24959678f7916b1b52b89cc5f4439615b2c7d6cc	orientation-8535dba4eb08ac51	1	True
1f40f5aa5311bfd9	f627795609cfb4a5b0dc61c37d27fb27fc801e737e4d571ee3dc8dc55ab12b7b	orientation-f627795609cfb4a5	1	True
1f47770d9ba1c1ad	021807c253ae119488e7ce47f9a2356c749efad61e65742d7c19b5fe3b9238ce	orientation-021807c253ae1194	1	True
1fb9da72b0a86a36	a65c14e8bcf7f958b53365f407f5a8175b4e36cba0d2203965d301e17196f166	orientation-a65c14e8bcf7f958	1	True
1fd349abbed91199	5d6615ba019e5fc359b78a96209b7ebfbbb9a158bdb0eecb92d0dff12f0448d5	orientation-5d6615ba019e5fc3	1	True
202b9d0c154b153d	4c1ac97202212a19df8b6de4a33de90e74a07b30702902bada61a3d2acb20601	orientation-4c1ac97202212a19	1	True
2179c531b0a9a43e	1c1c68edd3fc474034d9d9b4b81feb810141f516fb4a0d91dde8002ded88c235	orientation-1c1c68edd3fc4740	1	True
2190c3d385555d34	41b943a75fd34b57002f3baca02189374dedd97b768f9d044faafc614b1d52bf	orientation-41b943a75fd34b57	1	True
2206735389f8037c	f9a3e9e7f63f40bf88bbe849a277ab64de209577ada3d6e05e57c54379d17451	orientation-f9a3e9e7f63f40bf	1	True
230ff5af852ebb17	5403bcf7b57e56762bc9770e4653b886fa1fee01cd8dd17b9ab63468e3250693	orientation-5403bcf7b57e5676	1	True
24b40cf02b3d8889	2395f24032e61a5b46812f3b53237bd83b9984e984df74c849496111204e9d58	orientation-2395f24032e61a5b	1	True
24e3f03ccd507b5e	651b3ad151440a2ea289eca7ff480593524ff002321ef6d6662f6ea37043e4fe	orientation-651b3ad151440a2e	1	True
24f2a123e400711d	45f7244ae9a8529347ca51c3c5c8a6efd4ba7886ac37b545929ead9d41292e50	orientation-45f7244ae9a85293	1	True
2541638755aba373	8cc7a8a158a211eba1b0a3fc17a3d64a169565a546bee887a25982238b8b7f08	orientation-8cc7a8a158a211eb	1	True
257bdc8c02ae8e94	441a2bc41ee455db6f08e74e6014b0071c7ed5d2a2d01ee1c45a8e8881fde27e	orientation-441a2bc41ee455db	1	True
25f7a12b481e1aef	f7448f9744a29929acf888c8c8b90b32cbd86476e530788a3a6790666557e11a	orientation-f7448f9744a29929	1	True
260e15d3d4bcaddf	46ed942b5c64e75c607c70c1513ab28121ec76ce4d461153b7f6c2d730e8b4ba	orientation-46ed942b5c64e75c	1	True
2668c38c34899fbd	65554951bc8140865e9da2c897edddb77fdd9ae6788848f7e96af81958c5e84e	orientation-65554951bc814086	1	True
26cafc21598b8a1f	35057822f613cddef0d349a83469db508a0ae783b0a9914d304b97a05a3b56fe	orientation-35057822f613cdde	1	True
276bf5aba98fcde7	a775704cb5384bf904831e767816d6a7494ef608498a8ee5225ca13881b293a2	orientation-a775704cb5384bf9	1	True
282a2bc92d129efa	dac43fe9b7a4e4867b071f93539aa34463ce869a8ead505e98b7341b8013f237	orientation-dac43fe9b7a4e486	1	True
28848ab5829075a7	0ee658a459d0fbc8efa638b75bd6c00c7287774713b83d729dafb79fced18b9b	orientation-0ee658a459d0fbc8	1	True
29502e1062edfe93	646f3ce1a5c74ede45972476f3dd36ac34e35267b485dc2aa5a3bf52b747b966	orientation-646f3ce1a5c74ede	1	True
2b995edfcb89c886	449492977ba797cee867f746dea37d34ab2f2b521e1fd44cae071d2124f61631	orientation-449492977ba797ce	1	True
2bc7377298bd3fae	ebee7723becb6f3b9959504558a2f27166054aca3e6b006598657322b0d6cbf9	orientation-ebee7723becb6f3b	1	True
2c2bfa188a2ecbed	240070084b65f7d6a6a2bfd3852976d271e590e52f004aeab3200ac63fc80c75	orientation-240070084b65f7d6	2	True
2c32947ccaad4cd0	cb020b9b77c898bbaec6798b16670d68e43f2a53af7e8665e6c32f16933fd85b	orientation-cb020b9b77c898bb	1	True
2ca78acb5d4cc2d1	b096e1f7c0751b8bfe8145079948bb1a15edb1be9c5f778ad9b6bfc422cf5cd4	orientation-b096e1f7c0751b8b	2	True
2cdc63a68248433e	ac2be0b3d25ac36742698e261a007f56b76a9d98e31bd06640326b95b77240ee	orientation-ac2be0b3d25ac367	1	True
2d478aa217e9bb5c	a7f8e4ffd3635ed758fe3ebc02b6df3056cc33b91b05187e22be26b5a91154b9	orientation-a7f8e4ffd3635ed7	1	True
2daddc3ee04c2da4	e20a4d972efd8067a15b27dd112edfbf2f6fbe0d934ad0d038a720c8b8df9355	orientation-e20a4d972efd8067	1	True
2e6270d00994b4eb	1876d6f4e62b1777828fc8ae53e9b4361aceefbdba3b65333d2cdb9a1c997078	orientation-1876d6f4e62b1777	1	True
2f841394a8ac723e	09d6f68addfcf0bfb51a59b5f762542bdc5ccf5d2e4e417eaecc91f949812503	orientation-09d6f68addfcf0bf	1	True
31c80bbe41bbc722	f8296e5306804408a3d8856a3c6a939e2aea83b09f650f23709e63a3c9680c06	orientation-f8296e5306804408	1	True
3374dd5070afe91a	4f17623756aed5c9c87b89a645f9ef3b4432470674736f0c8018970791292357	orientation-4f17623756aed5c9	1	True
338b426684d64480	418663b00e474669910101abeae97710b35a64b224b3dba8ffd07cf9d273d72a	orientation-418663b00e474669	2	False
34a865520cde6c20	f91b0d1d2e41529f2d5582dcc46d0ffa8dd1dd20438f95f660557052a291232b	orientation-f91b0d1d2e41529f	1	True
351b9be376cc7087	8f3b2c042f7fdc140fa0a69c2d5e712da293274ce1055308c3656be97d9bca3f	orientation-8f3b2c042f7fdc14	1	True
355a2916e13df156	370479e8a5c6012d2cce5b5361835571a73f3c5c9078ec54419611d38449a917	orientation-370479e8a5c6012d	2	True
361af7585c4e387c	9d91cbec8890fd04df12473de1333ed69b75c28b951e4c496928865af95f660f	orientation-9d91cbec8890fd04	1	True
3692bd8191b45c00	2beba0fb86c33b6aeae942f5e3e0084174c29f043c67fb51a555766e069c891e	orientation-2beba0fb86c33b6a	1	True
369c80713ac67768	48e56a2c485ba92049ed9ac4055d508ef707e1c0ca454a689311a90bb6826b9f	orientation-48e56a2c485ba920	1	True
36b18a63110412aa	30dffbb98733709f671122167bcdec9ca721716ea2acf76f8fa4ca5a858fca4e	orientation-30dffbb98733709f	1	True
36fec1a295e1766f	731aaba392434c19b962ed545b788009fb241149fd9ff6cdf1e9774a7b29016c	orientation-731aaba392434c19	1	True
384c291022a64cb6	a1a8fd6da140edf677f10a4e0fb2611d4a75699d6ff658e785d7fef3f8eef739	orientation-a1a8fd6da140edf6	2	True
3867bb9c558d66e6	3fdcc3e436d36d69c1a6b35a63cf2df30b4b1b1f2a32921be88462d2bedfbd93	orientation-3fdcc3e436d36d69	1	True
391e92e38f9fb945	6bbe30a951b08acd88f5aa7c085c02471bd76a1717c87beb16cb126fe8372fb6	orientation-6bbe30a951b08acd	1	True
3a41b2e8ca5aa320	3255aa80d6cbfec82ca54662e82b2309ac35f493a88fa50a55adc14c9f0b90e0	orientation-3255aa80d6cbfec8	1	True
3a61c11d2bff6da2	f1163a3a042998af577ba202dd9249111a89eb279803f608e72357ca14d4d2ad	orientation-f1163a3a042998af	1	True
3a6e64fc6de3d765	3c07bd4d351f4a1f27d3bc9fad5ba2a2947c0958494385c2fc2c8dcd6122e141	orientation-3c07bd4d351f4a1f	1	True
3abc9735177b780a	090b08a24142eaf6afc4091af49d6e98f126d7b7dfc66b7a8c0eb3e65a9b8806	orientation-090b08a24142eaf6	1	True
3ac8f18302bca5ce	aac9395678b84c9431cdac881dfe4f66a63bf59b72811d1a10047de28096ed02	orientation-aac9395678b84c94	1	True
3b5c89322ad7aa01	badd1cb7288d3ffa7198bef96af2679b38193d69cf268f56878eb7a530542507	orientation-badd1cb7288d3ffa	1	True
3b922ebbef5d2263	22a800a26b80f60a2c0b0f1d760c7b28ebcc4335a0b965ca845c1e5c2845a934	orientation-22a800a26b80f60a	1	True
3cc0ae79d13d49a9	c0b6bd343cc42288b6c02a6fcfbe76fc9985b096f338f6fd31d4e8cc3ab80108	orientation-c0b6bd343cc42288	1	True
3d10e4cb7b76e2b3	072493607acf09054f0a52667b105fdcd4e31cafb263e0c85833a03c20801000	orientation-072493607acf0905	1	True
3e10267861bb14ef	9584370f30176cb73f7e0db249d44b45ae7507c2510a1feb6c91e875952791a7	orientation-9584370f30176cb7	1	True
3eb46282b0082eb1	3e8a99eb3e6254edc88508d2ec69f6835a43554b1aac8cfb3c9e0f318a7c47a1	orientation-3e8a99eb3e6254ed	2	True
3f2bcde8b6efba1f	92eac62f2dd80b6b2d43695b67d7b596beea0cf7dc82209515bd975a66ade982	orientation-92eac62f2dd80b6b	1	True
3fe09b71145ae91f	e1602adc3fa967e30e4d4c2e177543fd422a508792ee5a5fe59ef45c6294e366	orientation-e1602adc3fa967e3	1	True
3fe9bfb7c8321201	a1c1a05b3cc03db9d7e05d7c89b1a61d359251c3fbd124d848f0088d1fc02a5d	orientation-a1c1a05b3cc03db9	1	True
4019fa2020cdd6e7	a17482b0ec730359a4de044726cddb1612baa32d113567f329bad5f6db932ac4	orientation-a17482b0ec730359	1	True
4080091ed6ab32ed	22d3ab7818eef9d676118c5ab893b051cd2aeb6d020aee593f6475691ede4e40	orientation-22d3ab7818eef9d6	1	True
40ba57c2e078fb9d	649645e949f01b0af1d5fc6d332bb6bee6cf1b09ee7cd615b0583020a1854d45	orientation-649645e949f01b0a	1	True
40be408a0bb7c2be	d3fce936f05550794ea94416d5c8f3c2de2dfe2ce04e765eb6c5c78307f6e76f	orientation-d3fce936f0555079	1	True
4121dfa59f9e82a3	83c6e8ea438f019a917382bf8cab3c7fcbee7f38000b5b568d426d24b2678988	orientation-83c6e8ea438f019a	1	True
419770e1892b655a	8d7b838176a24d807309825c413afbd2b55eb247f11dbf6a7e01657164fc1220	orientation-8d7b838176a24d80	1	True
42e6902fc05e0c1a	7e810ba6e0938c75f6e7cf49de835c1be97f95ca1b57f030c508772b28de4ade	orientation-7e810ba6e0938c75	1	True
430c5927b868f32b	aa3926abd5623014b673c20add9d7b0e89fb118d865cfebe84a7595d15fbdc25	orientation-aa3926abd5623014	1	True
43177555a0b0532d	17b9827d9eb3cd33f3000437e49a083a091fb8f017d5f629ef0294981d22d367	orientation-17b9827d9eb3cd33	1	True
45f4dcb8b3e7ce06	a7900358cc8c521eba534b5a1cfe0b94dcc03d726929944579834222cc84204a	orientation-a7900358cc8c521e	1	True
4645d6726b4bfd2d	baf37349c4021f8abbdd93cc3233323a0c2a16a163244bdd8777aedee073ec88	orientation-baf37349c4021f8a	1	True
473d96afd6793658	7ca16ebb18b4ca2fc6e4a817748a8c4bfafdb0bd24fed782539930abd1854cc9	orientation-7ca16ebb18b4ca2f	2	False
484ac27242746eae	6aeef520b20edfd03bdc261661838590c16bf170aeea4e4f0eedf9d2f07ba929	orientation-6aeef520b20edfd0	1	True
48a76a86f474a4e8	b31fb6667e490251f4ee8a689aed47fb193ef8d488d00d7592095940ac456ec3	orientation-b31fb6667e490251	1	True
497b450b64c4d6f9	fe48d9984ac8c0bbe970ac3011d8a8e3d148963aefcc4c3c99cf58b57fbfd129	orientation-fe48d9984ac8c0bb	1	True
4996fa1f85d395b4	79eeebc4c2b58a39b14799f8b099524aa85f0caeb989c89a3e053524d7477110	orientation-79eeebc4c2b58a39	1	True
4adcffd90a760081	d1d75ded31989bf165f777e4cc138af2cb8ab68210995b0edc018ff1f284b496	orientation-d1d75ded31989bf1	1	True
4af774d3380276a6	0afd46b4f7212f0f4606274f2fbc8d10ca9a97f71f0a08e2a2f1bd693af23a46	orientation-0afd46b4f7212f0f	1	True
4b2ece1f6537ba7f	d8c34fa6f11648ff261c1fef1a08040e0d5e619265095e2b8b3fb8639c67896b	orientation-d8c34fa6f11648ff	1	True
4b7148124b1f98f1	e09b4ca569ec655d60ce29d16df58cc48776256554a564e3cf8dbdab012dc12f	orientation-e09b4ca569ec655d	1	True
4c0bceedcb720407	052e46717b2f927ba7f7c7890e6baab7d32103a1548a1a3e13dcfe6694c95f01	orientation-052e46717b2f927b	1	True
4c1c1d74d7e6a870	70ed1fde28a01a3936f54112ef3ce91c2bb5042298d1fdc60df00c4b26ba3b06	orientation-70ed1fde28a01a39	1	True
4c64ec3551a311a5	7b5df1cefdfc19610904f4c71b0d5a9ff771e25d10dddccc81de6a8e38fc96ad	orientation-7b5df1cefdfc1961	2	True
4d7379e487aabba1	aa70ac3c4b7829fa4bc224e7efc3c196871ea0773d478614746a37ad93f3bf2f	orientation-aa70ac3c4b7829fa	1	True
4e4267a265523c1a	e066a3a9ade81f75e51d04ba49b0dba366f56d50e024187f51b3223498ba9173	orientation-e066a3a9ade81f75	1	True
4f2ba84ef83f10b4	433ecaf721058f836a5e01ab4888496632c2cd9d47c49546da65b253c1433177	orientation-433ecaf721058f83	1	True
4fd35dbb64b43589	07fe58c1f2e3b2866529167c1fcf864fe432c3c15c5bd500e06cd94116a8d784	orientation-07fe58c1f2e3b286	1	True
502062c5bedafb3b	64c0415b3bd9886304b61567ce455a398ff12e9ae27b1507948b8ec28150ad95	orientation-64c0415b3bd98863	1	True
502b177d3c700104	bcd9ee739a0a4ba9af2d3ef96e7bed02657592553fe953b37b7305bd798052b6	orientation-bcd9ee739a0a4ba9	1	True
5045ff04509ebba0	c4cb5e9511e69c4e7f6336c229302c01e7a1ccbc8a9e50250c4cb2f572615b86	orientation-c4cb5e9511e69c4e	1	True
5074f46498a4b0ed	5bc3b8b35206561811d9ae4e7fbba4c46c0d8071f636df8e96826eb4c3f0885c	orientation-5bc3b8b352065618	1	True
509eba810398551d	edc3107ae36a4fce8238314b14289ed1767df6c6e94b6ffc61c1f9ddf7335c91	orientation-edc3107ae36a4fce	1	True
50c0b82860d15cb1	0ba48de828a405071e17588cec80e5fada7b14051f95a7a86a41a49a651bc239	orientation-0ba48de828a40507	1	True
539814fd4ada940f	12d318201d2525e2de7781525a593cf9989cd3a599b7d5194a72bcefe758a202	orientation-12d318201d2525e2	1	True
53f61ceb21948c40	be0a0fef18145c560991f22b94f3ce8bd046bb5f2d39c8c6385184dc77f049e9	orientation-be0a0fef18145c56	1	True
53ff69971c022fda	e27af02654d0431c0300d546a3b880160ca0aea7fa117de7f198ac35a6f51aa6	orientation-e27af02654d0431c	1	True
5446c2f67c6a5679	4084c44b457648757188b81110d46869a666505903ac5af280974106ef444380	orientation-4084c44b45764875	1	True
557227a4efbbf1a6	a712b3a0962b1ae04e211526de089dfc4e9b6ca1b3344c28635282ab7012fe12	orientation-a712b3a0962b1ae0	1	True
55b00f167cf5ad4b	8d48c71e614af2e7f8ede3e482e26f9e36362049467547c63ff47722d2372409	orientation-8d48c71e614af2e7	1	True
56309753cfc15648	7a2cd4a9f67513985ff9678311dc9c4ede405668e54b229e09810cbd21d56a5a	orientation-7a2cd4a9f6751398	1	True
56b71b5fe2e26359	0fd6b21ce8754105ab618d7d5144ba8bf22b0ce3f275526f4b9fb2f42a921f01	orientation-0fd6b21ce8754105	1	True
56bc7c342b765b44	8fd3a220610315cb95e20bddc705e6cc57a64999224799c0042734dfb8dcc6a7	orientation-8fd3a220610315cb	1	True
583ba5d1deb2b917	08ba500133c68bb9ce174422ed29c1397d76ebd421fd46626b8fdb36e9609b93	orientation-08ba500133c68bb9	1	True
5844dd514643bfc4	7b5df1cefdfc19610904f4c71b0d5a9ff771e25d10dddccc81de6a8e38fc96ad	orientation-7b5df1cefdfc1961	2	False
58455bfa5108783d	65700949c42b9b528f05114cf60929eb46137576ba0b59c80f73b7724a360ce9	orientation-65700949c42b9b52	1	True
58846353edbf3856	0bb995b306caa0f7ac5ab4d694776e99e3c99c8014b70bb112f4768ac3b4edfa	orientation-0bb995b306caa0f7	1	True
598b924bbd0ebb7a	dc5c553f24d7c1354a497dd0f63ca7a6a64fc71f752cd8e354f6741e1c002f6e	orientation-dc5c553f24d7c135	1	True
5997348d85494b8d	f3307d0c4af763af867948fa77877a79b3bf564831d9ce5095a4293405ed8f23	orientation-f3307d0c4af763af	1	True
59c41dffc41a6f25	293b712000f57f81615b44f8c96fadb664c1eb1ac917035159dc556ef372198a	orientation-293b712000f57f81	2	True
5b7b911fad7a8bec	27cc5f95d0291fa71a15bc01903db97a50bc6899b94560d664bc452d014c6266	orientation-27cc5f95d0291fa7	1	True
5c609cd3a3d987a7	42c695cfae92af8c90ae17360287ab9b46c53f325d750e9ca5f6f709f9411ab5	orientation-42c695cfae92af8c	1	True
5cef0984c5c08369	cdabd480c6a7110525fed0ef38852e8cd0dc3c3795e1eed48dcd6bb954ddc853	orientation-cdabd480c6a71105	1	True
5e08ff78ad87b7a6	d711ad034237dc49eb17ae30581ebe325323dff60accab72d7163da78fbb5dfb	orientation-d711ad034237dc49	1	True
5e1a6f42336f1a1f	ccaa2266bf706e3ec6d6fc4483d04c9ce355ef4894a6d45f9d3a20e8e8caa529	orientation-ccaa2266bf706e3e	1	True
5e5305f82c9763d9	d0a46d64157f146438cb188f3671bdaeb2be9f66aaf0558840bea15fd028994d	orientation-d0a46d64157f1464	1	True
5edfa45b3bdba07c	0496e12275945b6d22136c3c17aabbf9d37a101887e6f09499493a55218aaf25	orientation-0496e12275945b6d	1	True
5f25bd9cfe3467d5	ca12a41dd40cbd309e8994d2edee4d05df14511c6dc3b93f75dcff76bac42205	orientation-ca12a41dd40cbd30	1	True
5f7c4f84932c68e5	18fdcd728288b4268e890c3ec636f695e557f17d14b2bc3ccf9601f6c41dc8a9	orientation-18fdcd728288b426	1	True
5fa6a3a0175447d1	1ecd07f2037a4ea97b408103e1ba1de8be61a8fe66c3dadb4a68073136137708	orientation-1ecd07f2037a4ea9	1	True
600ebe0768f2875e	a4e27d71af6b5772709c2921afb85782ad5947265866d59bc5b67fc31493913e	orientation-a4e27d71af6b5772	1	True
602fdebe64673b64	7354208910fe751151a0358cb742826a9cfb27575b08d1d576532eba66ff2f4a	orientation-7354208910fe7511	1	True
60946b7f75fef429	3d26859dce23f4527277dc6edee9768793060f96e1c0af064c15f010ab917db1	orientation-3d26859dce23f452	1	True
6124e98316fbaf8f	2818facc3ed5c76b79891c383bf0c72c5a384b267870dd9a3cbfea568783a964	orientation-2818facc3ed5c76b	1	True
613e5d02eee44955	b24821801d8680adf592bcd4f49d386df4a4227cdfed4716d44dc1a04e0c7c5d	orientation-b24821801d8680ad	2	True
61500660d0e2a930	8e7bc08d11d16998788abe156ced389eca797baf2df329e9dcd75536fc80cede	orientation-8e7bc08d11d16998	1	True
61894c4aea5cf5df	921bcbfcb8db2d57208da95bbd56bd48acffeaba935c0a3468c308a2f4486e68	orientation-921bcbfcb8db2d57	1	True
62b5a2ad4c02fc09	5263c5ae3e2df2c4d3891cc24a710f12eeab55be03f45ee91c350513bc37e979	orientation-5263c5ae3e2df2c4	1	True
6376df8caff95330	5661814794a413bde921c4a4885e0823f975c4eb777035fc458ec2724b7cbc76	orientation-5661814794a413bd	1	True
6397eb32949b6af5	24463fcf3af63f504eef2fa9099f60c04986178956e6d682f6ec40723b82bde9	orientation-24463fcf3af63f50	1	True
63eaed57fd05de9f	79470017fd1ecac23963c2c0ddac8428ebc7d5f82c73756d9cd813b4e199555a	orientation-79470017fd1ecac2	1	True
645e1d911f5e40dd	d35984b8c17382da5a8e66b785e06425ccda12c930fc5c0323e0da7204f5f33b	orientation-d35984b8c17382da	1	True
64ec16ced6b33a23	025186295bb3f5bfa1ad062355046e1f1aadc33ba5017746780e7d26022549d1	orientation-025186295bb3f5bf	1	True
65686f241f0eecc0	fce58121b7049e14fe01dddc074ccaa24bd281af582222197fc6bf10610e382d	orientation-fce58121b7049e14	1	True
65cb087a2c0df3b2	1d50032bbe097d552c5a2f75abbd8f1d604e706979f34cda0d7950821d1bc8de	orientation-1d50032bbe097d55	1	True
667ae3303395f049	2824d74f42f298e56f2625064fbc79a8dfb44ba3fd2b9553559b2d1b22e66dd3	orientation-2824d74f42f298e5	1	True
674ca93d838c443b	384f89a758309dc17ff3b00f811f5cd5da777216a052d7ba550d7175af328ecc	orientation-384f89a758309dc1	1	True
67a06c3a40190e17	c9fdba4d057cfa68d4fa412d68424875a1b6158c8b88bb91e57b0a874dd5b06b	orientation-c9fdba4d057cfa68	2	True
67b1f1b0362f67be	cf28bcefaaf6f6a4ddbcf136df3b6a4d1d54efb5e4b63218d63af8be609e8405	orientation-cf28bcefaaf6f6a4	1	True
68f812ed7a08d2f9	ceae372f27d1bfdc9be9d56a68e4533894f389177ed0f038277bb275a95289ee	orientation-ceae372f27d1bfdc	1	True
6935c73bd3792804	c736dbc17fc593806f68546b161ab94494e801578ddbd0eb7f230d99fffe95ef	orientation-c736dbc17fc59380	1	True
694caad1321c36d6	fc86bb41c417b881bb4c155d59a2cc937687d87f3f7229a5fc6b51bcd2c0dd44	orientation-fc86bb41c417b881	1	True
69e6987cb4e1b416	6a8e95b7b0bb676ea24e168ef28f7ba922ceea51a8d7c7b163e53164fca3bfdd	orientation-6a8e95b7b0bb676e	1	True
6ad3d7c855c721ce	c9fdba4d057cfa68d4fa412d68424875a1b6158c8b88bb91e57b0a874dd5b06b	orientation-c9fdba4d057cfa68	2	False
6ade7bff17ee0c95	ac91b25bd2533d6ac1f6dc859c336fb6dff885967173ea4373dd17de08910437	orientation-ac91b25bd2533d6a	1	True
6b1673473c52ff69	10d3170d90cdc6bb8a59cb813136feebbc4b5091ea2f930d1356df81c65bb90b	orientation-10d3170d90cdc6bb	1	True
6b3f74e558280caa	d599f45b7914ae922b3aa2ba352e424a9169aee549544b2861f0e62e54b3e4e8	orientation-d599f45b7914ae92	1	True
6bf70d52652c1adc	8b654df00061fe1ad71f53592d37dc009c847720e555fc5d8ad2d3b5f3f8c7ca	orientation-8b654df00061fe1a	1	True
6d05c41e960f6f2d	3e8a99eb3e6254edc88508d2ec69f6835a43554b1aac8cfb3c9e0f318a7c47a1	orientation-3e8a99eb3e6254ed	2	False
6d318d195b2a060f	57ba6a43217c5ff663ea994e614734675d66c89eaf1676994ef96c5655d51e50	orientation-57ba6a43217c5ff6	1	True
6d38dcb5c92d95c2	7c6696286ea45d814395b69d49ea90b245719a87042817b0b93bfd3682c9503b	orientation-7c6696286ea45d81	1	True
6e568fc7addcdb8c	d68a2237248e1a03994fa4186a78c8e693e1a4708da08b04106c4dd3f376a976	orientation-d68a2237248e1a03	1	True
6e71dbe473d305ba	88d5b4ae03a9861e9948205bc4b39388436ce89ea7091f9d159ff87226e32fbe	orientation-88d5b4ae03a9861e	1	True
6f7311d80af7f768	24b8615856d34394c1b79dcb7895c92c7d0215028ba32e30de1d348230eab980	orientation-24b8615856d34394	1	True
6f87e906bc8ad96c	1bc7db3f5a27298b93864b5f4b8a783464f085169e512a989576fca73294ae2f	orientation-1bc7db3f5a27298b	1	True
716e480d13e4dbdc	c93f2c85583556d6361f60497ac5bb63060cf6bbd769493908fbbfd6de7edafc	orientation-c93f2c85583556d6	1	True
723b79a6bb0fbe82	87aeab46c7cdeaf5c4dfb4dcc61e9d67b6535687a93bf43df378b577306a8aed	orientation-87aeab46c7cdeaf5	1	True
7243f5aba1a2942d	b66f8d3ca328f4a9af12a611f15abee14991b17737b26c3b4393c93ba9234e41	orientation-b66f8d3ca328f4a9	1	True
738786ee98895b23	9610b1de36bcd086f437bc585d968b7c0b1fd3de2bc4e11797117c5fabdf54aa	orientation-9610b1de36bcd086	1	True
73e72487f230e42a	33bc919d049a3ad809f0210f3d676ca11875146db9b40aeb2d317e73829b038b	orientation-33bc919d049a3ad8	1	True
73f8ae3d7230df9e	cbf267672459d56e0fbb0a6db9bb4b318deb47207a7c4681017fe097d0bd495b	orientation-cbf267672459d56e	1	True
740dfddc17e524d3	5f36d022a01f0ec4a1aa429421c7482515ab3c0b817c9a8bb9332cf64e7abe6a	orientation-5f36d022a01f0ec4	1	True
751847692850cd02	6ba5e2a3fda58c772917ebcaf5c09087a94f6ad01111b9d8c52f83515b1dd722	orientation-6ba5e2a3fda58c77	1	True
75250b112de08448	41bf906b86efe3c21396a0fe974436a5135ddeec9b373adb346e53db5ce8acee	orientation-41bf906b86efe3c2	1	True
771916477a313049	9b29c81f2f65ff6a0ea48596c11678857728a215bdd1989146fbd29534bc9cee	orientation-9b29c81f2f65ff6a	2	True
77a1986c7108dc97	8b88a7f062893656c714fa2106d626f69f6ccbe25b280e1d481ec5fd90a07af4	orientation-8b88a7f062893656	1	True
789b7b4de543e431	9d25372f61ff916c2f43d26b3b95ccae02dbf5ee48c1a1f6d0a40652c61ccc75	orientation-9d25372f61ff916c	1	True
78a4bd04f924b968	f4d070271c32f5509027943428e0242ad04e99ddacb1c4c2b1e71930be32a282	orientation-f4d070271c32f550	1	True
79fb4a707bd970ac	d35bba65775ad0e083a98429fd941f616f09b33883ad504b659289afee515e94	orientation-d35bba65775ad0e0	1	True
7b30922c82607f47	03639989a7a4e0dd84a505d331a4b7ff6a8a74d26ecc12f879e3bbaada85322a	orientation-03639989a7a4e0dd	1	True
7ba0f9e9afc15fd9	b096e1f7c0751b8bfe8145079948bb1a15edb1be9c5f778ad9b6bfc422cf5cd4	orientation-b096e1f7c0751b8b	2	False
7bd5fe443852df1c	109d55d117e6ab4193b7ecf633b72441eefc1ea6b34c222933d8a2b60bcf423e	orientation-109d55d117e6ab41	1	True
7c74d70af048510f	2d30fac9f2c6e6f746bdc00247a81c0e5062819e4ddd2660ce87b0f87142a810	orientation-2d30fac9f2c6e6f7	1	True
7c87f851a0c52b0a	8489dfa7e74fea49a7167488664d68f210b315bf4ed18f016a77935991d7e3ba	orientation-8489dfa7e74fea49	1	True
7cbd110bc3a62d6c	078c6eb811c166fcef2592ebb767c14ece62a1774f91cafb152d57f7838a2af5	orientation-078c6eb811c166fc	2	True
7d5b0b954f5783c7	b7e2feffb6796898b6c93a03dc5aeb82ee6cd4f95f79acadf7899f87d2afb12e	orientation-b7e2feffb6796898	1	True
7dda2de8855030a8	7abe11b392d8f5ba31444a27c61a5c561b5c6a0ded2757523737889a32282a42	orientation-7abe11b392d8f5ba	1	True
7efb61008671695f	04c406e91274246ad64dc47b83797b7b75369050a6605ea73f2dbf52ae2415c5	orientation-04c406e91274246a	1	True
80147d624aaff244	59ec5dfab4a4247f792aafea73d9a1fe1982252ceccb1948fd20a47a93e7bdc0	orientation-59ec5dfab4a4247f	1	True
80f28833ba23bc37	28116f4d7bad202d31ae7bda9e9cd197ca786e5349f7d754cdfde7b3b6852b3a	orientation-28116f4d7bad202d	1	True
810b76c898ad2a31	5e9f52c1724d399bed81f1000f085cb985624124e11782a0a58735c2d1dba855	orientation-5e9f52c1724d399b	1	True
815b4f8dd744868e	7888e20c1ee9cd9aa3147bb37da1fc7635819c64efe3bff8b4650cefc953e981	orientation-7888e20c1ee9cd9a	1	True
825e7fa74db16e84	b0f58fcb69d118f05c4ddfe670837071a366a20511bf06136768363380d412f7	orientation-b0f58fcb69d118f0	1	True
82ce90eea621c1cb	ba53e7857acf5532b66b09bc0781cccd77eec912a7e36b6db1ed037add67c871	orientation-ba53e7857acf5532	1	True
82f17b8447248a9b	2a56fe8b3415ed8db4992235a563a2004f05df76634edc78e0d3a93262f59158	orientation-2a56fe8b3415ed8d	1	True
8317f2f6bae2e9d2	e3db2d024b2926346967848241fbb070a2b9a4884068dbb375f3af17b5a68877	orientation-e3db2d024b292634	1	True
835872309eedbf9b	297875fdf160e4006a4bfef6ff69b113a0b3dad599d1ed40a5cef9e3ac5a61a7	orientation-297875fdf160e400	1	True
838679e55c2d0890	abe34c2594478ad79754da89087b0f8d22c45014813a4f2af727c04a73be3f7d	orientation-abe34c2594478ad7	1	True
84b734e351285496	4594c0f446b6f293e661575da48228a5ba932ed2d6cea1a6b2ed6855c025f617	orientation-4594c0f446b6f293	1	True
84f1e992467917d4	d8e2f7793c88ef82f3113b06b644d192e77cf6d3bf3d56e3bd9d518ce417902f	orientation-d8e2f7793c88ef82	2	False
8508dc7a9552d402	56e099a079d641d327a1c617864378fc3c616c5322effb9daa117accdff6e59d	orientation-56e099a079d641d3	1	True
85b481ae24b243fe	97622803560341e04016176a99aa32b54395fa055cd05ac4f624cdfaf1177da5	orientation-97622803560341e0	1	True
871fd28ea67a2de5	d2af460698189bfeaebf8039c974bfdddafe731a57433da8a476a3446670f015	orientation-d2af460698189bfe	2	True
872c83e913b87cdf	5bc9d6585e5397b6497e50e2f28b10fb6b6899897d58eee04fe48284c7aeca44	orientation-5bc9d6585e5397b6	1	True
887fc38a30f65f36	d5b97f90f37c523416895e0103365bbbc505f098aab9cb7b912f189e4fd557da	orientation-d5b97f90f37c5234	1	True
89115ea484912dab	81943d6e175b8ffdc807012e98a5dc457c985a4efcf18c0f6074c4dafe4ac23d	orientation-81943d6e175b8ffd	1	True
8948693e7614b9a0	b4c331e23670fb6a829ac1445c3687c4f108a4dcf7aa641114aa7a7648e4e332	orientation-b4c331e23670fb6a	1	True
8976a9631a003b60	039142df1637d8fff8e866b56cf3834b3e24e31cfb9ac5deb242e5dde5f01fb6	orientation-039142df1637d8ff	1	True
897c7e04cd83ff6e	e7c7faf8285cfb74654467224e6dfdb9fd951e58583209e82c54202832ccd0d4	orientation-e7c7faf8285cfb74	1	True
897ce508817930ed	ae6021b4864fdb23dfbb6a1fbda69aa9ad6325fb77906bbd09a5b4194eaf3efd	orientation-ae6021b4864fdb23	1	True
8b3cca50063af126	6798a669088462178c3a0e358dc7db334e23fc90779ce12eb472bd6f2f6be903	orientation-6798a66908846217	1	True
8b8441e9f58552ca	49428ff541c992e4a1aab5e54fc7d0f7baad02b1cc2896a60776a0ef9d41e307	orientation-49428ff541c992e4	1	True
8c21e283eca8cf3b	be549f0155a75867bb59d7bdc98d292ba3c7509509019b9c88edc299cb5cd8f5	orientation-be549f0155a75867	1	True
8c9674ea08fea643	f9d13e16f4a23ec3e520b28391b9b2899fda58a12d4efb2aab02dbb59db7f587	orientation-f9d13e16f4a23ec3	1	True
8d0c2b4f173cd9e7	cf06cfc674250960d82f69ad38b8617776c85776583f3dce22243730a0e98e52	orientation-cf06cfc674250960	1	True
8d6f277e4817e7b4	0f3f318e0c866e46fb608e18f4b55a6a1f6ddf86b98c96614346aef70e32274a	orientation-0f3f318e0c866e46	1	True
8e89eede93969eb1	ddd7a62a9400d8567327673a88c8f454cd5ba062da6bdb0f00d31e6640720986	orientation-ddd7a62a9400d856	1	True
8f45022fc827f860	9b29c81f2f65ff6a0ea48596c11678857728a215bdd1989146fbd29534bc9cee	orientation-9b29c81f2f65ff6a	2	False
8f9a4aa16c3e8be0	13cd2d372d60764ffec1e935c2866a316eff28dc1ba4578e526a57b6c9edfba8	orientation-13cd2d372d60764f	1	True
8faf2e32feb10cf4	706ed9894805bb1318ad11322c84f1a4878ea78a974faa0504bbbf007e028f48	orientation-706ed9894805bb13	1	True
8fe7fd3a55e3c80f	4ccd232b86366bd77dccbef82bf8a3acd85c7e7df08eac976ef262bb78f51f7a	orientation-4ccd232b86366bd7	1	True
9065b12aa8b08a62	31d51801e8130e68f846c269ec46a4a10bd6d3995853ec4382555ee7b9c39d52	orientation-31d51801e8130e68	1	True
90867f909324c225	fdc8f6fe07624afc9c80227df5377e1f0838d48921ab37d49cd44cc60a7b4080	orientation-fdc8f6fe07624afc	1	True
9091fb3dce4409de	becc8970d6e19edc151477f788adb8327b4a468423658e8ffd8c970cd38690d5	orientation-becc8970d6e19edc	1	True
91a6c657f1069f3c	8ea5595931edb9681e41d7f771f307321c47e81c009c3b10adb97c9b3873ca04	orientation-8ea5595931edb968	1	True
91d9e7a5c6007f1c	48e9313d0b776398973adb457708bf5620f05124d407a9d27b93519f82180825	orientation-48e9313d0b776398	1	True
91ea3a5d896e6648	188e623c3c4e021e33e89946a6582267d213bd170deb57d8320f01e34b2dc99d	orientation-188e623c3c4e021e	1	True
92f7f0ccd5377589	1f2d422e3243f3eb07d181634e69f8cc0c7aaa5cd838b2f00492dfa22fce0852	orientation-1f2d422e3243f3eb	1	True
9424d12775920470	bbcb53fa275b4c175fc2dcd76d1b83972361e42295d28d0177df17d47a4eb6c1	orientation-bbcb53fa275b4c17	1	True
95486f63b7f485a6	73d151490432bf6a1cd341d20ca4df77c135dc66a87203bdb13a088984713505	orientation-73d151490432bf6a	1	True
9570ca5030231e0b	81347ee61bcd00b4c08224881382e79351d363cd084b9ba60cf9c3cca7748d59	orientation-81347ee61bcd00b4	1	True
95bbfbaafd922b81	50cbe036339ae126f9e48cd91e4df345cf7a5c63dda75034fb76fe39a4b616df	orientation-50cbe036339ae126	1	True
96468b4838f74d0d	ae47a49b646b8b69ceac307f073181d8f4bd671d35a083d8fdad08c7ca2d819a	orientation-ae47a49b646b8b69	1	True
967d0dce8b2a2937	7c0e0ae5d15ffb281dcf11748c3b9d3acaa273584b9a1f791ea9420be680ed00	orientation-7c0e0ae5d15ffb28	1	True
96f835e97da93b9c	68591b3794c4bc321395684ef8e67fb55eb918939b8d9c2af1d3f42070996102	orientation-68591b3794c4bc32	1	True
97210efb3ab98bd3	ff61670dac8772cad9f34efbfa56db3e6c2304f438d398dd543a1f40596a1742	orientation-ff61670dac8772ca	1	True
984c80b232cc5b76	e664b4e02c69c6e781b9027a60853ff9eb004f0d67811608840089eb5d9f8eae	orientation-e664b4e02c69c6e7	1	True
98cf7f6c3f3626e4	a1a8fd6da140edf677f10a4e0fb2611d4a75699d6ff658e785d7fef3f8eef739	orientation-a1a8fd6da140edf6	2	False
99c161f1a1f6cbae	0a146bc951452fe89f3122469e13786f9de2a10951125dac20709cedcfb4f774	orientation-0a146bc951452fe8	1	True
9a90df53307f3e1a	6a6aae372bdc52912d828715d6d8bd2b1cc5c7aeb5bcbfd7c69f45e272603301	orientation-6a6aae372bdc5291	1	True
9ae82c2a17244c72	4bb8a63de80c36541a067cbb6847f21374f74bdaa7cb4a051dc556cd1eec2101	orientation-4bb8a63de80c3654	1	True
9b97f5ac21ca6ece	0f656de838995e15941819c0c3fbaf7259a836e9bdc08f59a07274ee0fd8d276	orientation-0f656de838995e15	1	True
9be29dfc5b01f8ec	2ab4e6b9d4dcf3a39da1cbba2b806e6725a23662e9be5f8158d17f2c898fad98	orientation-2ab4e6b9d4dcf3a3	1	True
9c8d9d886271b484	ca3dc4ea9aecb500e5120e8efc32edf2d77008f1ce39c9ad91bc2be1f931024f	orientation-ca3dc4ea9aecb500	1	True
9cb5484612530a15	274ff2e85f4141be2c7d2870ec4520fb900c0cfe2b85f4a50fed5501d1796be2	orientation-274ff2e85f4141be	1	True
9ccfa884b670f7e8	e3ed08da946b1f31014d39abc6f906b76c0f084cd49a06f854b544c315249f94	orientation-e3ed08da946b1f31	1	True
9d9311fce6d06103	284b29200d7fb7fa87848e51c91b73b8b1cf3ce45353d94917657487172ca49b	orientation-284b29200d7fb7fa	1	True
9db5866248855507	c0ebadf5816a7a957788ab83f636b4d86e0ea565ee450f57491ee6fcbe34fb91	orientation-c0ebadf5816a7a95	1	True
9e54af83267bcb6d	0a4de9e3cd39dfc2c20dbfc7358b191c9250c899d3ad980a8ab0b72c60409db5	orientation-0a4de9e3cd39dfc2	1	True
9f4cf8cf79cb4c8c	0f3a0a0abfbf3a9248ace21f2690d90382eba66c4c2633a27fd5a998b59d6ca8	orientation-0f3a0a0abfbf3a92	1	True
9fabec0202ef64df	dc1c2285b17fcfe7005ce6756684c97e9ed5f7740a20de2ebfb6a162487def75	orientation-dc1c2285b17fcfe7	1	True
9fd356999459cb1e	bf742cf0b638e0a2b074ce7105c2853c240e1d23e51f68dd272f011689a22f1c	orientation-bf742cf0b638e0a2	1	True
a0335dec2cceb268	b4c476ce762986d3b2aec822e4b4fca552803c801f6c7f986ce09a9e385ff7bf	orientation-b4c476ce762986d3	1	True
a1031c671efeadfc	ff037566d5a7949636ffea88c912aa6ad0ed86afea5469251afa92d9ed53b5be	orientation-ff037566d5a79496	1	True
a15dd91940f10d0d	20af8130ac3cfbe59e235de28a37d0e4d9bf3f54e4a4ac094ab7945c1e2947a3	orientation-20af8130ac3cfbe5	1	True
a1783bbd0690e1b3	59bab7d00f938857aba5b021d5adae5854f7dab5334d8dc666fb8a73aeafeb83	orientation-59bab7d00f938857	1	True
a199002370e78db1	66aa4f2ced8bae286a2a8658d27067127c619d39d98b0654deb728fd7e756400	orientation-66aa4f2ced8bae28	1	True
a2483b0cb6635bf9	025f972fdc826d476f61d3ea30bf960922646c4920754646a5dc9078ebb82bc2	orientation-025f972fdc826d47	1	True
a35b368409a3967d	e5bd8ce6e0529935904568e494791ef800e12b179af88137ef3f6e7bdaad34cc	orientation-e5bd8ce6e0529935	1	True
a41b3d5718e9bcd3	90fe7d186c792a0dac17af0d548d4bf1c58b146bab2cd041f892fe3c8ee8dcb2	orientation-90fe7d186c792a0d	1	True
a427b3f85dfe3573	df10f9b66e4beece327764005bd6c56d46efb870a0a341611d8cc982f7611cb7	orientation-df10f9b66e4beece	1	True
a42ce6f2416d978c	721d7c85d328583605498f01b35424aaf4bbc5b6aa63bff5f5d74cbb3054d1f2	orientation-721d7c85d3285836	1	True
a48215b6f4d40922	81588733e22124568670a155f99e5de5bec55d4416344b927325443bd284aa1e	orientation-81588733e2212456	1	True
a51067f67f6a4cc7	2face8ede517f5c388c92edc6a020c441480229b18ea7026a962a91f2605d346	orientation-2face8ede517f5c3	2	False
a52d53fa555afdd8	e149f1464f75f6601d024920ec2113e264f35d373ac4ed1d94bdfe6aced4c010	orientation-e149f1464f75f660	1	True
a5e485b56aa79b8f	84277d45e92d8f6bbdc00b2e986d8ddf1b3e958abbea1330db5829cf128d44c2	orientation-84277d45e92d8f6b	2	True
a7ba1bdcce7a1bba	423809dce24e8ae1e062df815125238795cc11f7b98da74e71efbfd7b63327f3	orientation-423809dce24e8ae1	2	True
a8412af2ff4cd5ed	9cc7053fc8b8c7888d8743ab72bfc747ee7d2582098b893612d54c5df25b08a1	orientation-9cc7053fc8b8c788	1	True
a9964615ee120784	b8ee05027215c85ac8977124952015beace061c7cd8c3f6cf99df43f7f66db14	orientation-b8ee05027215c85a	1	True
a9c8f2b6edacea6d	bb74b31bfd85912f4942372c3acab0cbec2600fdaa6ad296f3a597292bde4050	orientation-bb74b31bfd85912f	2	False
aa35d59862331bf3	47e92b7456c0dca5ad4b8708e1731e12b7571f09e8bdaa768c5e32b54f400de8	orientation-47e92b7456c0dca5	1	True
aa7caf87bfed5181	c849c0d0c6fc759c8efe2060bf6a1b24093254f26694a37e547b3bdfb13afe9d	orientation-c849c0d0c6fc759c	1	True
aacea7c6039184ef	004cc5f97360f893cf62dc13751afb1107aeee0ecb3ac63732a40dd09e1b60c4	orientation-004cc5f97360f893	2	False
abec76950f46db19	553af3550c2e284efde1d4758c435ad49b5e5804f10ca6dce9577d69eea08f79	orientation-553af3550c2e284e	2	True
aca394a096ff8142	6062762c0f12cc9de68dc9fd84631369a339be8cefc63fc17f0b06a264305f70	orientation-6062762c0f12cc9d	1	True
ada0590f27feb6aa	b4fd1105e6f50c695a42c47354af83d52e544830a6f945812beac841fd8a8466	orientation-b4fd1105e6f50c69	1	True
adf452fa93f14a03	77f5d34bf3815de8b24db096edf61479df3a5067e979c3d35c811614952e8aef	orientation-77f5d34bf3815de8	1	True
ae7da8fd92c7be8d	4b3643575bd87c38230eec1c43d7a2f7cb2ce00e46c5de4bf9d1f5e5ab774f06	orientation-4b3643575bd87c38	1	True
ae8f30e37611692d	76720376820e5dd82839d7cdffd54187898fbde637c3575e3086d3de59fdffe8	orientation-76720376820e5dd8	1	True
af4cbe9a7d9fbfe4	17aaad5e2d6ccfff6554bef31fc8a9cf857ff431ef1a7b48627ced733a8c319e	orientation-17aaad5e2d6ccfff	1	True
aff03012016ef6e7	62b03b84e5fe652b6e570a6b519e61c1b6e466f64c15946ebba3ff5304a2cc17	orientation-62b03b84e5fe652b	1	True
b1c5e59567defcb2	7d4f9f736717278609cf0932446557c82e465cd9c52633ecc2fb24b1d8440cb8	orientation-7d4f9f7367172786	1	True
b27053ee8d02ebb4	b20b1045ca5aaad3e7bf7f76fbc04bfd8dda61c1a666d88a229499772dc67bdb	orientation-b20b1045ca5aaad3	1	True
b2d6d16f011f3228	f91d3c1840f2c79d2272ffab679b4c6a8b0a87481789dc419d89cf3ba7f473aa	orientation-f91d3c1840f2c79d	1	True
b33d685a6f3f64a7	fe5e8018d9bd01712b25943c3f4c8e1bcd474bb2388ec463432bfc9a40b814ba	orientation-fe5e8018d9bd0171	1	True
b3fb81d3f6b365ee	5bdc76b87c0b716f713d5e3df92704bff64bce59694428227a2603a5b73c23b4	orientation-5bdc76b87c0b716f	1	True
b498778d6a48d02e	38819a9299b2578c01d6d6fbd77bdfb14c34258f23967a01970d5a66206230fc	orientation-38819a9299b2578c	1	True
b503a63d15d33fea	dec333899209441a2c0eee9e118be0645dfd09d3f74680c7bc30468cea794ab8	orientation-dec333899209441a	1	True
b50ccd36d75c56a6	7d5b8892479db89bda4b89e6f230eeb45afb3e18cb26aaf09519f7404619c3ad	orientation-7d5b8892479db89b	1	True
b5a68ebc56c4b505	c68c0cba8b10ea4ff2f7356b5d8223a8e0ee8c87ebc5eb19782c238103315642	orientation-c68c0cba8b10ea4f	2	True
b659b2f851a1f246	3de9f564d9ac28cba46f8ed342a7032460e55514ee55ad84096bd58e07f0804b	orientation-3de9f564d9ac28cb	1	True
b73fa5667713829a	20fcf0d546f1f5d574be2793456114d0596d627d910ed6c0142c249c98a0ee71	orientation-20fcf0d546f1f5d5	1	True
b7410763f4376c8f	067eec5ff43548b548ac7e6f328ffc237c472838370e1cafcfc7dba1f552d78b	orientation-067eec5ff43548b5	1	True
b7711a88efbfdf53	85f495d0b4f3f7e0b362f4817bc701b37fcb85efb5de3f4f825bbc2c2c50cbbf	orientation-85f495d0b4f3f7e0	1	True
b84460a5cde04c1a	5a6a6a38673073e8262f043cdd051bfd525967cd3d9eb346b39f37f9f0726b04	orientation-5a6a6a38673073e8	1	True
b91ae44a373d2fa6	6459807786dde77e0a816f3872bf5c689b9504d3ce5c6ae659ab46a0eedf50e5	orientation-6459807786dde77e	1	True
b9697da5125f9a71	bb69353a0e0c2176bc93e2a321c7d4d33004074cd8971df15627ab4143711074	orientation-bb69353a0e0c2176	1	True
ba76f40759842b0e	8d3e42d1dafd2a015940c0ccd8a39d550c444b8939c6dc5b3a82c57f0ec25e60	orientation-8d3e42d1dafd2a01	1	True
bb15a599a0eb78f9	9acc025f2bcea2774df203ca3e9117d07816134e59ecf263e04aa0ba522dd398	orientation-9acc025f2bcea277	1	True
bb5dcc92012e8623	b590fc6acb7e493d7106e6cf6504da7afc5869e325a778335db68d49384ffee5	orientation-b590fc6acb7e493d	1	True
bbb86f2e3df92ff3	fea2b99ca7dcc33f936a2adfd8eb42767c0bcb65b42101f310db3a3b4586864e	orientation-fea2b99ca7dcc33f	1	True
bbe9ecd752373c27	2ee619f8670cb755c6120563cb12709e84757c3219167a3219d7f8765abfbcb9	orientation-2ee619f8670cb755	1	True
bd196d408ca12cd1	48a8bbe564f6307bcae4fc9f330f09bebaa68fb3954c209f204e2ded7764e8fb	orientation-48a8bbe564f6307b	1	True
bd9df0d80581cc9f	553af3550c2e284efde1d4758c435ad49b5e5804f10ca6dce9577d69eea08f79	orientation-553af3550c2e284e	2	False
be425e28c0ff085b	0563d3dde18cbe3550fc4a4d25f274091f52911dfe381f75df689b0c881be001	orientation-0563d3dde18cbe35	1	True
be53460f4ee93bda	4bbb3f129fcf6a1221583d4a24eaabad52d185c81e3cb64c78f019fdec35ea56	orientation-4bbb3f129fcf6a12	1	True
bed09d309181f450	939d4b1be12a22477d0772b8dfdb7430b452cf6f29896bebc7ab3315a4a508e1	orientation-939d4b1be12a2247	1	True
bed165739906fb16	23a1d55dabbcc817fa762c9a0a7c1b78d55081ee2c4e089b917a383f87f477da	orientation-23a1d55dabbcc817	1	True
bf8095e2d8c1826f	1120fd99b6494667b1f0a94d2774f3ce5e3373e8c935e7883852f4c65861efe0	orientation-1120fd99b6494667	1	True
c08d32c5aecb7cd1	db18801c3e98541ff75607688d43ddc0580949b02daa70d372814e4a1b45196f	orientation-db18801c3e98541f	1	True
c113acb76ace52b6	eeb8101f569b15d9b5ab5339091cc9864148b1eb8147c145e2a23a78dfc9765c	orientation-eeb8101f569b15d9	1	True
c1c3a4f1e8726e1a	e0e2ee8912536c3a64bad563db3dbde824e4174f85d12acae758c3c32e4a9fed	orientation-e0e2ee8912536c3a	1	True
c1dc8e2e6a5e7995	e3ee4b20755efe5412555e8b8ffc0ae9ce0a9cb8f608d7c4f4e1b4d772cc523c	orientation-e3ee4b20755efe54	1	True
c26f78bcf31d6fa5	0b19e9dae8ba389b62bb86e9186bb03cfce61cc9b39dafdffb83b2433d190d52	orientation-0b19e9dae8ba389b	1	True
c3cea47e840df975	a6cc354b160defda1bc641a263831b7888a3f5a73fd6a4fcc0da2b5d0a9cf95f	orientation-a6cc354b160defda	1	True
c43ce9a9af962914	f6bb21273657402b804e7a24ac61d3fdd829b3ef69abde40328c64ae34904142	orientation-f6bb21273657402b	1	True
c446f3ad51eee051	e7d67e04adbd15f4090191ab632373193234c2ff94e70f109a7d04baec91d93b	orientation-e7d67e04adbd15f4	1	True
c54fb54176965d99	240070084b65f7d6a6a2bfd3852976d271e590e52f004aeab3200ac63fc80c75	orientation-240070084b65f7d6	2	False
c67d8171f93122ee	c68c0cba8b10ea4ff2f7356b5d8223a8e0ee8c87ebc5eb19782c238103315642	orientation-c68c0cba8b10ea4f	2	False
c69861c9c212df16	b4183a2819fc5c6e04064a93d0c69a79589de488ff607a218b2c5ca7c7294222	orientation-b4183a2819fc5c6e	1	True
c8587827a41f6674	d8fc774ee682733756b810922efa71fc148edab9a41e6e4888412bd6c742f45d	orientation-d8fc774ee6827337	1	True
c8dc325fc923ad87	f1bdf6f4dc087280506f0eafa5b2af85ea4221f699cd149c9cd2c69c6f61c33a	orientation-f1bdf6f4dc087280	1	True
ca6a965855822565	9a60d881dea1d3de313f16147894e357c3e020ac0f893837be84c236353d0925	orientation-9a60d881dea1d3de	1	True
ca7bad8a4af53d93	3fe656c21560b3bacabac20bede2f6f1a4c3fb5f373fa4024b065fdaf863a12f	orientation-3fe656c21560b3ba	1	True
cad542031fcf0898	c74d9e79265c39b2436a5ac6f6c60a934a2536b4b751ebe70c1e275b8761afd5	orientation-c74d9e79265c39b2	1	True
cb35c155edf6e5f6	ecd1329ed51395579aa2c13937a3136f4f62ed4dd847961788ec98fb01fbde37	orientation-ecd1329ed5139557	1	True
cc4670154da72e04	fdd30994730e89a48f93e3d914e4a4cc848ab0ddf4745d144b36a099b33a0759	orientation-fdd30994730e89a4	1	True
ccbf7ded4553c2ef	b24821801d8680adf592bcd4f49d386df4a4227cdfed4716d44dc1a04e0c7c5d	orientation-b24821801d8680ad	2	False
cd293da5f52f8dca	edd178f96519fef5392f2ab2b18cd3d983f6a7d1d7e36ed76342baa641cce4ae	orientation-edd178f96519fef5	1	True
cd49d0d6361370b4	0c8a339d200784625cb756a366af056b323755e63f2e762535f89ea1865730f4	orientation-0c8a339d20078462	1	True
ce3436133389fd89	2dfe46b870d80adda1419581a8d12dbc35d91468bf0986b8c534491dc8e49bf5	orientation-2dfe46b870d80add	1	True
ce4e54724b00d094	d1a802fa58cc44de6c81bd8d63099557defd89b5274e3315dddae8a717a0a9d6	orientation-d1a802fa58cc44de	1	True
cea1d47b5fe75ece	d83b7c9ed15a9685257e5a1ec07951e06ec4893dadd5180837fb41e00666d2a6	orientation-d83b7c9ed15a9685	1	True
cf71609ba72fe855	b73d10565fe352b42336077fa1b1143d79b4466f4635752a5ec4b174921bd44f	orientation-b73d10565fe352b4	1	True
d026195011912245	d85ce8ad82b98645036b8487e106e9c7f469e8fe99342ee5152fdf3b9b5b8093	orientation-d85ce8ad82b98645	1	True
d02cc56c7d1f261d	df68dacaf40e0e6572f90c4f30d6699ab39df731c0202ebbc2ff6019aa5b1bd7	orientation-df68dacaf40e0e65	1	True
d0ab1863147c6dab	4ffadfe7386144ca15d8bcebe93bef706a24e2e2c4b12cf51bc898dd7e47c1cc	orientation-4ffadfe7386144ca	1	True
d1bf7a66aa4172de	7e4c98f5add8bde5ec2ee525b094d198e1b11f216abf52c7d69235f3bd1316ad	orientation-7e4c98f5add8bde5	1	True
d1dc3503d3fab1b3	370479e8a5c6012d2cce5b5361835571a73f3c5c9078ec54419611d38449a917	orientation-370479e8a5c6012d	2	False
d1fa5f37c3042098	b7dc23a534c98189520117e6b8eba603caee4a1615ecdee32742eff54e3f9cf2	orientation-b7dc23a534c98189	1	True
d30bbec0cd94b1e2	562b8bcd384f268d3cb79f242b8fb6bc0ecf3f93d26d4dccd7666cf4e3b4608a	orientation-562b8bcd384f268d	1	True
d330c11feebb1356	3d69dbbd60fe7125bf6a1110e3ecc04b4b5ca33e466dbd52bbb8d444bb8b5e18	orientation-3d69dbbd60fe7125	1	True
d36e222da4e0cfc3	92f4a4678a8d9438ecd6c963ff864fe485d71a0bf2ac88fba96f90edbf039297	orientation-92f4a4678a8d9438	1	True
d38b8dad61c5f8d1	a2317563e37a2942af12fc479aa7ec83ddfdcf73458aa230c7f750a3d7ecbcb0	orientation-a2317563e37a2942	1	True
d4ed1350b181bf96	72327f390163a263d48b4b66c325008161fc1eeed11936bdf171141c46d8514f	orientation-72327f390163a263	1	True
d53e1dd9b29fa1e3	655388fecacbbbb1a7f80ea6216bbe4454c98ea4b0c060b1ea83b33473bf2401	orientation-655388fecacbbbb1	1	True
d598cdc2f326f23d	2e458504dceb68fe069dd497969c6e3530c005de0a0cf07855446f4b21970f4e	orientation-2e458504dceb68fe	1	True
d6202cd93dd9ee45	54fd7c6d98f0d8d218d910b7995cd83675076c39fe4286b2f5b3800956c088d9	orientation-54fd7c6d98f0d8d2	1	True
d743659d2310fe55	293b3d4581de925304611ca65d3a780416c3ddf7d9b085dc1973fb4eb29fd5d1	orientation-293b3d4581de9253	1	True
d79e417d0093b9ad	9b472f9b04ca64c5bdd9ffc09c3bdf041418a03eabf3e5d211dcdda4f720dc1e	orientation-9b472f9b04ca64c5	1	True
d7abe2eb0f698c46	e05c1bf299ca196e62a0bf02c865b5107c5cd80d91746723f3d072da03f3adb4	orientation-e05c1bf299ca196e	1	True
d7babc62cb6e2a34	91b437aa27370d3ac56b6adff52398ed3a0e89019f56a467ad8fe28025d33625	orientation-91b437aa27370d3a	1	True
d7eddf647e7d36bd	dc4d5f53296169fe68b498cbb871096effdc2baaa5b5f047c7b4943bb38c570b	orientation-dc4d5f53296169fe	1	True
d8c014e0e6339da3	c59b44a669016072b28886c0595938fa81f3bd286d1f431398bda8a931fa2f2c	orientation-c59b44a669016072	1	True
d8e304252bf5b6c7	84277d45e92d8f6bbdc00b2e986d8ddf1b3e958abbea1330db5829cf128d44c2	orientation-84277d45e92d8f6b	2	False
d9e3d4cd719a05e5	078c6eb811c166fcef2592ebb767c14ece62a1774f91cafb152d57f7838a2af5	orientation-078c6eb811c166fc	2	False
da2190d8185c2216	37f90e69a38e1b357902ee86b195e6fd0365f2ca532f3ff0752206a9f616c72a	orientation-37f90e69a38e1b35	1	True
da8367c084d67420	2c20c12204e2c796f00e62af5ea50ab261907769809d7ab1c2eb51ac3efed955	orientation-2c20c12204e2c796	1	True
dae7dc4ca1054964	33a461596621fb1600c978b152cb85190c028d6cbbe5ebde8f66490e3b8b6011	orientation-33a461596621fb16	1	True
dcc9a52283bb1114	19a038ebf3b9e218b6d841bb66d407fd95e4e1ad336d618741bbe0c6c17762c4	orientation-19a038ebf3b9e218	1	True
dcca1553a99a7642	4b2a03febd3bf7ffc97730e95b153ee727f240eb1b5536c5563a9adce147a44d	orientation-4b2a03febd3bf7ff	1	True
dce236484b0e2d4b	a7ea479fbc3075b1e8e59f158d5de8f03928b597bb421ae6eeee0fe0d09d7f41	orientation-a7ea479fbc3075b1	1	True
dd312fa88f27de8e	423809dce24e8ae1e062df815125238795cc11f7b98da74e71efbfd7b63327f3	orientation-423809dce24e8ae1	2	False
de8d18d2d19698fa	b040f33744a765e43638b7a20ef9ab492253a06f6de69a515ef42d92e887f485	orientation-b040f33744a765e4	1	True
dea07cd7cbf98e50	4f3611cb861e39d664c038a6203a65094f9a4a75425cac21c6e83345301832e7	orientation-4f3611cb861e39d6	1	True
dfddefcf1f62935a	84511df92a7adc8fdd9826bbc72dcdf11f52a26f48a6721b391c982d45a3d39a	orientation-84511df92a7adc8f	1	True
e01cf8e177413488	c6edff02931ecb89ec5f9f6e19aac96c0e828264650b4539b421bc6dc6184429	orientation-c6edff02931ecb89	1	True
e0531d7ddcf2cb97	027814b4378c2b3ed9ac5abee667b3f0d8a78ef571d9e898d1c34f2998848d61	orientation-027814b4378c2b3e	1	True
e1f5fa5bad42c187	3486735c7da128514dd8f2eacfd9d4b7de7dab4c3199f31d41a8a33fac72125e	orientation-3486735c7da12851	1	True
e23835fd95bcafd4	56147f15526eb28d27bb651ffd8b656d2414a1eb6ce0bcc5e56e1aef65142867	orientation-56147f15526eb28d	1	True
e28edcc0918cbe54	07286b3852b403084dbb1b1c231b35644a229c393f649541dd838efe3317698e	orientation-07286b3852b40308	1	True
e333355f10035736	be3fd0fd5bf83231f203674ad61dc745fec5a8354613874042d9b32904648466	orientation-be3fd0fd5bf83231	1	True
e486629c3f951323	99bcf119cddab600d8ad05ec2bc4ba4b1e865aece397356aa914add9a92e3597	orientation-99bcf119cddab600	1	True
e4bb1b30d8a8bf63	15c4f542898e1637c6b746abcde291cff5f1d604ad7b4d49522a71c772ec89b8	orientation-15c4f542898e1637	1	True
e5375bfc431af7c0	1d8857aad0124895cbc0a5f8bf72693a1c756155b8623a22c2b990d783712c7d	orientation-1d8857aad0124895	2	True
e5acbb4602276cd4	c7d2ea3f4b47dfc3b185c7e4e94240bb66e18d72dad5e9ae79800d0908bc9f2a	orientation-c7d2ea3f4b47dfc3	1	True
e5f3e53684beec9c	b1d7f9464b7417ca1a674c1804b51ab8315fa7dd4b29ee42785c1b14f842801e	orientation-b1d7f9464b7417ca	1	True
e6b529f0498c7597	59b17094f8861fc279eb67ba7f2099e68ac216278045b6a904e3acb6facb797a	orientation-59b17094f8861fc2	1	True
e75b0684f432e271	ca28e40940e770b919dc0236e45aac92f1a6e1eefd2c64f4847d50c74ada5c02	orientation-ca28e40940e770b9	1	True
e7e022605327ebb2	e766e2f3993c69ce202d3d2f1f34c6cd0816b8aff91afa7f3880e6f86ac354bd	orientation-e766e2f3993c69ce	1	True
e84159f767c14986	e16b8a64f661baf5cef4ecebf860c823b0416018078839284cf6a25b9b231398	orientation-e16b8a64f661baf5	1	True
e86b4a25110d1324	eeb4b8f94a6e5f884c565fdf61d56f134c69e15372b591017e7359bd22b31eb0	orientation-eeb4b8f94a6e5f88	1	True
e89fcf9205d39517	040679d568ec5d29d1ef8344f9386582bc8a409eb353b90f871b8718479316eb	orientation-040679d568ec5d29	1	True
e8cbc86c9a41df2f	5092c9d2159fbbf26e428d86af09c72d053d1e2559262b9843d2bfbd9e3ad9b8	orientation-5092c9d2159fbbf2	2	True
e9882add53dcf4dc	6485898ae70d70a1e21916baf115c223fc55201336d46adb8102c9d9953a23fb	orientation-6485898ae70d70a1	1	True
ea29e5335685053a	83caa1a6a0ce5fd7ca0a79acf4647fbaa72093ce8cbae40fe85e82b2dc927c87	orientation-83caa1a6a0ce5fd7	1	True
ea6c85edd6dd0d10	7fa180f6f1933c54de3024ff47f4625f7268d4020d2bb35317464e2c344fe82d	orientation-7fa180f6f1933c54	1	True
eac340c47f32c565	b89c8b01242383f053d8a34ce828199a6cd5a9d60db2271a120348a998e665b1	orientation-b89c8b01242383f0	1	True
ebd651d5e5510974	b2143571cf0e468261e953cab0f18596048cb023da2aa4de78427587d3fbec5e	orientation-b2143571cf0e4682	1	True
ec97ddce5629120f	23cc3e1a095e92ea90dac2a2621de9b8f22e360d5fc08891187e54e277824d9f	orientation-23cc3e1a095e92ea	1	True
ecad0d0db0d4d022	7419d2d6b1c102cb7212deb03c22f029980046a55c1338b08d77f8f7e54e0665	orientation-7419d2d6b1c102cb	1	True
ede0cd45ef0ca82d	84917a1ee8432be094f57d210db90a02c9a3ec7ac75f2f97e15523caf1ea1d8a	orientation-84917a1ee8432be0	1	True
edee1a5e609f34f1	d04661d2d87f9106a2dc5db5a199b0ede15103678e1e1cd39a6099e1b6246728	orientation-d04661d2d87f9106	1	True
eef4d4064b335292	a2366006c52ceaba784e42f7a28d441c43f4df83cdd9dee7a2b0794ff895004b	orientation-a2366006c52ceaba	1	True
ef224fdfcd7f1ba8	387ade288581759cbe48c1c3ad51b4fdc2434d0c8997bf2a81cd6abc5697fd80	orientation-387ade288581759c	1	True
ef6a350cb9cc2a35	d1268d88e53391b5bb87c8d00958cb8398ecd00915cab8d45934bf2dfbab8155	orientation-d1268d88e53391b5	2	True
ef6d1c102d488910	b9a3f65788baef049cd32ef90e0afb1976651f079ea6b92a07956c041ad27eb4	orientation-b9a3f65788baef04	1	True
eff2b84e522d85d4	150ae99e05338e61860d791db50431b0c4c69bf027ba9aeeef59f6c217e638ff	orientation-150ae99e05338e61	1	True
f0c99f273af89fc5	943588cc176b32cc22233be611e1e0320ffb509795a0869199bc49fd1be0b3d8	orientation-943588cc176b32cc	1	True
f0ec01b9e4056bfc	d2af460698189bfeaebf8039c974bfdddafe731a57433da8a476a3446670f015	orientation-d2af460698189bfe	2	False
f1607dc2d3ab2472	87dce1522c5288c1e45b85a53eba44bd2cce4a1c31026908268e93e6287a1ad2	orientation-87dce1522c5288c1	1	True
f23ce0d142345d64	42c1123a4f8223a44d73ef1b2dfacef4799a46fe744a2ea36d8c6693335830f4	orientation-42c1123a4f8223a4	1	True
f2b30eba8d4b5ff4	ac58059ad2db58e7422e1b6a5d97a0aeb4873df0964853406241632d8d9d49aa	orientation-ac58059ad2db58e7	1	True
f42e3d2aed0b16c1	f67769e866c151be36446e45c54ca6d9bea3e4f8cd16f74905012eaf4bd27da5	orientation-f67769e866c151be	1	True
f446ab821c1d0961	13fe7b0e32219ab740d744c6e90e6e99dcdbae5c95643c4b4dcc910ece42b7ab	orientation-13fe7b0e32219ab7	1	True
f5bbd1fd0c7f3dff	4353742edd331a2622a77b322f6c03258ff79d1b6bb35dd21254595f0f575081	orientation-4353742edd331a26	1	True
f5fa5685028874f4	ca4e32bd7e774aa678fd56ba82c4ab04c8f574b9aa89a80a81de8c3475fc80dd	orientation-ca4e32bd7e774aa6	1	True
f60eb5d05d91c3ee	aa9f2a85ed4774c1bfa99fbf6f7449f4056759d1327599b1a9adaa123756dfe2	orientation-aa9f2a85ed4774c1	1	True
f6398ce580d52503	293b712000f57f81615b44f8c96fadb664c1eb1ac917035159dc556ef372198a	orientation-293b712000f57f81	2	False
f6445309600bd916	d5dbdcafee8503a5e3d0f87a0abeb359691af781336e98315fb1a4843ba0f86c	orientation-d5dbdcafee8503a5	1	True
f6619200be12e3ef	51999e90a7213fff5645793455a99d78c5ade38e3f54967e14f25b9004033e11	orientation-51999e90a7213fff	1	True
f7635d028e5244fb	36e3e05f7550f65a005645a5017a9c80cca261d73de28067671c55bbf88664b7	orientation-36e3e05f7550f65a	1	True
f99135647dc343a3	0ad13ee0b2e50e8f9303dbd17144fc81f9e4cb0f8257fd3c032f942ca8f503f8	orientation-0ad13ee0b2e50e8f	1	True
fa4efd2444234ec4	a24c54dbe69095cf6eb74111d2483532562a4e2aec5f26f45d81ad4bafcf4ae9	orientation-a24c54dbe69095cf	1	True
fafd79f33d7e0f52	d1268d88e53391b5bb87c8d00958cb8398ecd00915cab8d45934bf2dfbab8155	orientation-d1268d88e53391b5	2	False
fb6fcd548cfaf03e	a88f9a758cc4f6baf27def52080ec85cca978f29b873a218de430acd7eee5567	orientation-a88f9a758cc4f6ba	1	True
fb8e59bb6e5b7f1c	c72ccc0da6fabdd755b487fca3dbaa0d5efec8bee07f0e26bb791ad95c657ffd	orientation-c72ccc0da6fabdd7	1	True
fc8d57c1319bc410	1d8857aad0124895cbc0a5f8bf72693a1c756155b8623a22c2b990d783712c7d	orientation-1d8857aad0124895	2	False
fca2e8d89b64453f	5092c9d2159fbbf26e428d86af09c72d053d1e2559262b9843d2bfbd9e3ad9b8	orientation-5092c9d2159fbbf2	2	False
fcd4da4efbea7d24	fbc2a048b6cc5b43e2ca3d7e642e9093efc6ae24cff104e8d2928ac1da14cfce	orientation-fbc2a048b6cc5b43	1	True
fd31734f0f163667	24b1064313c028ffe84a0789a9ba09d3cd48692ded342fb44b75e360d7019556	orientation-24b1064313c028ff	1	True
fe521354df71c678	8505a690c1eb11632455798e77dce5da995d3d6b9493efc832b65bc8961272b3	orientation-8505a690c1eb1163	1	True
ff14efc287b18b61	cdcc7d2e0513d3d38c4652458950a60e62d24b78a9ca0c0e89f715a5907a9ca7	orientation-cdcc7d2e0513d3d3	1	True
ff55280a152972fc	0855e161d4fd17a670e39d5709f6e52b306bb6bbb6acf59d4d03c4fc8e0d0fbc	orientation-0855e161d4fd17a6	1	True
